pokedex_number,name,classification,is_legendary,generation,height_m,weight_kg,attack,defense,speed,capture_rate,percentage_male,types,abilities
1,Bulbasaur,Seed Pokémon,0,1,0.7,6.9,49,49,45,45,88.1,"grass,poison","Overgrow,Chlorophyll"
2,Ivysaur,Seed Pokémon,0,1,1.0,13.0,62,63,60,45,88.1,"grass,poison","Overgrow,Chlorophyll"
3,Venusaur,Seed Pokémon,0,1,2.0,100.0,100,123,80,45,88.1,"grass,poison","Overgrow,Chlorophyll"
4,Charmander,Lizard Pokémon,0,1,0.6,8.5,52,43,65,45,88.1,fire,"Blaze,Solar Power"
5,Charmeleon,Flame Pokémon,0,1,1.1,19.0,64,58,80,45,88.1,fire,"Blaze,Solar Power"
6,Charizard,Flame Pokémon,0,1,1.7,90.5,104,78,100,45,88.1,"fire,flying","Blaze,Solar Power"
7,Squirtle,Tiny Turtle Pokémon,0,1,0.5,9.0,48,65,43,45,88.1,water,"Torrent,Rain Dish"
8,Wartortle,Turtle Pokémon,0,1,1.0,22.5,63,80,58,45,88.1,water,"Torrent,Rain Dish"
9,Blastoise,Shellfish Pokémon,0,1,1.6,85.5,103,120,78,45,88.1,water,"Torrent,Rain Dish"
10,Caterpie,Worm Pokémon,0,1,0.3,2.9,30,35,45,255,50.0,bug,"Shield Dust,Run Away"
11,Metapod,Cocoon Pokémon,0,1,0.7,9.9,20,55,30,120,50.0,bug,Shed Skin
12,Butterfree,Butterfly Pokémon,0,1,1.1,32.0,45,50,70,45,50.0,"bug,flying","Compoundeyes,Tinted Lens"
13,Weedle,Hairy Pokémon,0,1,0.3,3.2,35,30,50,255,50.0,"bug,poison","Shield Dust,Run Away"
14,Kakuna,Cocoon Pokémon,0,1,0.6,10.0,25,50,35,120,50.0,"bug,poison",Shed Skin
15,Beedrill,Poison Bee Pokémon,0,1,1.0,29.5,150,40,145,45,50.0,"bug,poison","Swarm,Sniper"
16,Pidgey,Tiny Bird Pokémon,0,1,0.3,1.8,45,40,56,255,50.0,"normal,flying","Keen Eye,Tangled Feet,Big Pecks"
17,Pidgeotto,Bird Pokémon,0,1,1.1,30.0,60,55,71,120,50.0,"normal,flying","Keen Eye,Tangled Feet,Big Pecks"
18,Pidgeot,Bird Pokémon,0,1,1.5,39.5,80,80,121,45,50.0,"normal,flying","Keen Eye,Tangled Feet,Big Pecks"
19,Rattata,Mouse Pokémon,0,1,,,56,35,72,255,50.0,"normal,dark","Run Away,Guts,Hustle,Gluttony,Hustle,Thick Fat"
20,Raticate,Mouse Pokémon,0,1,,,71,70,77,127,50.0,"normal,dark","Run Away,Guts,Hustle,Gluttony,Hustle,Thick Fat"
21,Spearow,Tiny Bird Pokémon,0,1,0.3,2.0,60,30,70,255,50.0,"normal,flying","Keen Eye,Sniper"
22,Fearow,Beak Pokémon,0,1,1.2,38.0,90,65,100,90,50.0,"normal,flying","Keen Eye,Sniper"
23,Ekans,Snake Pokémon,0,1,2.0,6.9,60,44,55,255,50.0,poison,"Intimidate,Shed Skin,Unnerve"
24,Arbok,Cobra Pokémon,0,1,3.5,65.0,95,69,80,90,50.0,poison,"Intimidate,Shed Skin,Unnerve"
25,Pikachu,Mouse Pokémon,0,1,0.4,6.0,55,40,90,190,50.0,electric,"Static,Lightningrod"
26,Raichu,Mouse Pokémon,0,1,,,85,50,110,75,50.0,"electric,electric","Static,Lightningrod,Surge Surfer"
27,Sandshrew,Mouse Pokémon,0,1,,,75,90,40,255,50.0,"ground,ice","Sand Veil,Sand Rush,Snow Cloak,Slush Rush"
28,Sandslash,Mouse Pokémon,0,1,,,100,120,65,90,50.0,"ground,ice","Sand Veil,Sand Rush,Snow Cloak,Slush Rush"
29,Nidoran♀,Poison Pin Pokémon,0,1,0.4,7.0,47,52,41,235,0.0,poison,"Poison Point,Rivalry,Hustle"
30,Nidorina,Poison Pin Pokémon,0,1,0.8,20.0,62,67,56,120,0.0,poison,"Poison Point,Rivalry,Hustle"
31,Nidoqueen,Drill Pokémon,0,1,1.3,60.0,92,87,76,45,0.0,"poison,ground","Poison Point,Rivalry,Sheer Force"
32,Nidoran♂,Poison Pin Pokémon,0,1,0.5,9.0,57,40,50,235,100.0,poison,"Poison Point,Rivalry,Hustle"
33,Nidorino,Poison Pin Pokémon,0,1,0.9,19.5,72,57,65,120,100.0,poison,"Poison Point,Rivalry,Hustle"
34,Nidoking,Drill Pokémon,0,1,1.4,62.0,102,77,85,45,100.0,"poison,ground","Poison Point,Rivalry,Sheer Force"
35,Clefairy,Fairy Pokémon,0,1,0.6,7.5,45,48,35,150,24.6,fairy,"Cute Charm,Magic Guard,Friend Guard"
36,Clefable,Fairy Pokémon,0,1,1.3,40.0,70,73,60,25,24.6,fairy,"Cute Charm,Magic Guard,Unaware"
37,Vulpix,Fox Pokémon,0,1,,,41,40,65,190,24.6,"fire,ice","Flash Fire,Drought,Snow Cloak,Snow Warning"
38,Ninetales,Fox Pokémon,0,1,,,67,75,109,75,24.6,"fire,ice","Flash Fire,Drought,Snow Cloak,Snow Warning"
39,Jigglypuff,Balloon Pokémon,0,1,0.5,5.5,45,20,20,170,24.6,"normal,fairy","Cute Charm,Competitive,Friend Guard"
40,Wigglytuff,Balloon Pokémon,0,1,1.0,12.0,70,45,45,50,24.6,"normal,fairy","Cute Charm,Competitive,Frisk"
41,Zubat,Bat Pokémon,0,1,0.8,7.5,45,35,55,255,50.0,"poison,flying","Inner Focus,Infiltrator"
42,Golbat,Bat Pokémon,0,1,1.6,55.0,80,70,90,90,50.0,"poison,flying","Inner Focus,Infiltrator"
43,Oddish,Weed Pokémon,0,1,0.5,5.4,50,55,30,255,50.0,"grass,poison","Chlorophyll,Run Away"
44,Gloom,Weed Pokémon,0,1,0.8,8.6,65,70,40,120,50.0,"grass,poison","Chlorophyll,Stench"
45,Vileplume,Flower Pokémon,0,1,1.2,18.6,80,85,50,45,50.0,"grass,poison","Chlorophyll,Effect Spore"
46,Paras,Mushroom Pokémon,0,1,0.3,5.4,70,55,25,190,50.0,"bug,grass","Effect Spore,Dry Skin,Damp"
47,Parasect,Mushroom Pokémon,0,1,1.0,29.5,95,80,30,75,50.0,"bug,grass","Effect Spore,Dry Skin,Damp"
48,Venonat,Insect Pokémon,0,1,1.0,30.0,55,50,45,190,50.0,"bug,poison","Compoundeyes,Tinted Lens,Run Away"
49,Venomoth,Poison Moth Pokémon,0,1,1.5,12.5,65,60,90,75,50.0,"bug,poison","Shield Dust,Tinted Lens,Wonder Skin "
50,Diglett,Mole Pokémon,0,1,,,55,30,90,255,50.0,"ground,ground","Sand Veil,Arena Trap,Sand Force,Sand Veil,Tangling Hair,Sand Force"
51,Dugtrio,Mole Pokémon,0,1,,,100,60,110,50,50.0,"ground,ground","Sand Veil,Arena Trap,Sand Force,Sand Veil,Tangling Hair,Sand Force"
52,Meowth,Scratch Cat Pokémon,0,1,,,35,35,90,255,50.0,"normal,dark","Pickup,Technician,Unnerve,Pickup,Technician,Rattled"
53,Persian,Classy Cat Pokémon,0,1,,,60,60,115,90,50.0,"normal,dark","Limber,Technician,Unnerve,Fur Coat,Technician,Rattled"
54,Psyduck,Duck Pokémon,0,1,0.8,19.6,52,48,55,190,50.0,water,"Damp,Cloud Nine,Swift Swim"
55,Golduck,Duck Pokémon,0,1,1.7,76.6,82,78,85,75,50.0,water,"Damp,Cloud Nine,Swift Swim"
56,Mankey,Pig Monkey Pokémon,0,1,0.5,28.0,80,35,70,190,50.0,fighting,"Vital Spirit,Anger Point,Defiant"
57,Primeape,Pig Monkey Pokémon,0,1,1.0,32.0,105,60,95,75,50.0,fighting,"Vital Spirit,Anger Point,Defiant"
58,Growlithe,Puppy Pokémon,0,1,0.7,19.0,70,45,60,190,75.4,fire,"Intimidate,Flash Fire,Justified"
59,Arcanine,Legendary Pokémon,0,1,1.9,155.0,110,80,95,75,75.4,fire,"Intimidate,Flash Fire,Justified"
60,Poliwag,Tadpole Pokémon,0,1,0.6,12.4,50,40,90,255,50.0,water,"Water Absorb,Damp,Swift Swim"
61,Poliwhirl,Tadpole Pokémon,0,1,1.0,20.0,65,65,90,120,50.0,water,"Water Absorb,Damp,Swift Swim"
62,Poliwrath,Tadpole Pokémon,0,1,1.3,54.0,95,95,70,45,50.0,"water,fighting","Water Absorb,Damp,Swift Swim"
63,Abra,Psi Pokémon,0,1,0.9,19.5,20,15,90,200,75.4,psychic,"Synchronize,Inner Focus,Magic Guard"
64,Kadabra,Psi Pokémon,0,1,1.3,56.5,35,30,105,100,75.4,psychic,"Synchronize,Inner Focus,Magic Guard"
65,Alakazam,Psi Pokémon,0,1,1.5,48.0,50,65,150,50,75.4,psychic,"Synchronize,Inner Focus,Magic Guard"
66,Machop,Superpower Pokémon,0,1,0.8,19.5,80,50,35,180,75.4,fighting,"Guts,No Guard,Steadfast"
67,Machoke,Superpower Pokémon,0,1,1.5,70.5,100,70,45,90,75.4,fighting,"Guts,No Guard,Steadfast"
68,Machamp,Superpower Pokémon,0,1,1.6,130.0,130,80,55,45,75.4,fighting,"Guts,No Guard,Steadfast"
69,Bellsprout,Flower Pokémon,0,1,0.7,4.0,75,35,40,255,50.0,"grass,poison","Chlorophyll,Gluttony"
70,Weepinbell,Flycatcher Pokémon,0,1,1.0,6.4,90,50,55,120,50.0,"grass,poison","Chlorophyll,Gluttony"
71,Victreebel,Flycatcher Pokémon,0,1,1.7,15.5,105,65,70,45,50.0,"grass,poison","Chlorophyll,Gluttony"
72,Tentacool,Jellyfish Pokémon,0,1,0.9,45.5,40,35,70,190,50.0,"water,poison","Clear Body,Liquid Ooze,Rain Dish"
73,Tentacruel,Jellyfish Pokémon,0,1,1.6,55.0,70,65,100,60,50.0,"water,poison","Clear Body,Liquid Ooze,Rain Dish"
74,Geodude,Rock Pokémon,0,1,,,80,100,20,255,50.0,"rock,ground","Rock Head,Sturdy,Sand Veil,Magnet Pull,Sturdy,Galvanize"
75,Graveler,Rock Pokémon,0,1,,,95,115,35,120,50.0,"rock,ground","Rock Head,Sturdy,Sand Veil,Magnet Pull,Sturdy,Galvanize"
76,Golem,Megaton Pokémon,0,1,,,120,130,45,45,50.0,"rock,ground","Rock Head,Sturdy,Sand Veil,Magnet Pull,Sturdy,Galvanize"
77,Ponyta,Fire Horse Pokémon,0,1,1.0,30.0,85,55,90,190,50.0,fire,"Run Away,Flash Fire,Flame Body"
78,Rapidash,Fire Horse Pokémon,0,1,1.7,95.0,100,70,105,60,50.0,fire,"Run Away,Flash Fire,Flame Body"
79,Slowpoke,Dopey Pokémon,0,1,1.2,36.0,65,65,15,190,50.0,"water,psychic","Oblivious,Own Tempo,Regenerator"
80,Slowbro,Hermit Crab Pokémon,0,1,1.6,78.5,75,180,30,75,50.0,"water,psychic","Oblivious,Own Tempo,Regenerator"
81,Magnemite,Magnet Pokémon,0,1,0.3,6.0,35,70,45,190,,"electric,steel","Magnet Pull,Sturdy,Analytic"
82,Magneton,Magnet Pokémon,0,1,1.0,60.0,60,95,70,60,,"electric,steel","Magnet Pull,Sturdy,Analytic"
83,Farfetch'd,Wild Duck Pokémon,0,1,0.8,15.0,90,55,60,45,50.0,"normal,flying","Keen Eye,Inner Focus,Defiant"
84,Doduo,Twin Bird Pokémon,0,1,1.4,39.2,85,45,75,190,50.0,"normal,flying","Run Away,Early Bird,Tangled Feet"
85,Dodrio,Triple Bird Pokémon,0,1,1.8,85.2,110,70,110,45,50.0,"normal,flying","Run Away,Early Bird,Tangled Feet"
86,Seel,Sea Lion Pokémon,0,1,1.1,90.0,45,55,45,190,50.0,water,"Thick Fat,Hydration,Ice Body"
87,Dewgong,Sea Lion Pokémon,0,1,1.7,120.0,70,80,70,75,50.0,"water,ice","Thick Fat,Hydration,Ice Body"
88,Grimer,Sludge Pokémon,0,1,,,80,50,25,190,50.0,"poison,poison","Stench,Sticky Hold,Poison Touch,Poison Touch,Gluttony,Power of Alchemy"
89,Muk,Sludge Pokémon,0,1,,,105,75,50,75,50.0,"poison,poison","Stench,Sticky Hold,Poison Touch,Poison Touch,Gluttony,Power of Alchemy"
90,Shellder,Bivalve Pokémon,0,1,0.3,4.0,65,100,40,190,50.0,water,"Shell Armor,Skill Link,Overcoat"
91,Cloyster,Bivalve Pokémon,0,1,1.5,132.5,95,180,70,60,50.0,"water,ice","Shell Armor,Skill Link,Overcoat"
92,Gastly,Gas Pokémon,0,1,1.3,0.1,35,30,80,190,50.0,"ghost,poison",Levitate
93,Haunter,Gas Pokémon,0,1,1.6,0.1,50,45,95,90,50.0,"ghost,poison",Levitate
94,Gengar,Shadow Pokémon,0,1,1.5,40.5,65,80,130,45,50.0,"ghost,poison",Cursed Body
95,Onix,Rock Snake Pokémon,0,1,8.8,210.0,45,160,70,45,50.0,"rock,ground","Rock Head,Sturdy,Weak Armor"
96,Drowzee,Hypnosis Pokémon,0,1,1.0,32.4,48,45,42,190,50.0,psychic,"Insomnia,Forewarn,Inner Focus"
97,Hypno,Hypnosis Pokémon,0,1,1.6,75.6,73,70,67,75,50.0,psychic,"Insomnia,Forewarn,Inner Focus"
98,Krabby,River Crab Pokémon,0,1,0.4,6.5,105,90,50,225,50.0,water,"Hyper Cutter,Shell Armor,Sheer Force"
99,Kingler,Pincer Pokémon,0,1,1.3,60.0,130,115,75,60,50.0,water,"Hyper Cutter,Shell Armor,Sheer Force"
100,Voltorb,Ball Pokémon,0,1,0.5,10.4,30,50,100,190,,electric,"Soundproof,Static,Aftermath"
101,Electrode,Ball Pokémon,0,1,1.2,66.6,50,70,150,60,,electric,"Soundproof,Static,Aftermath"
102,Exeggcute,Egg Pokémon,0,1,0.4,2.5,40,80,40,90,50.0,"grass,psychic","Chlorophyll,Harvest"
103,Exeggutor,Coconut Pokémon,0,1,,,105,85,45,45,50.0,"grass,psychic","Chlorophyll,Harvest,Frisk,Harvest"
104,Cubone,Lonely Pokémon,0,1,0.4,6.5,50,95,35,190,50.0,ground,"Rock Head,Lightningrod,Battle Armor"
105,Marowak,Bone Keeper Pokémon,0,1,,,80,110,45,75,50.0,"ground,fire","Rock Head,Lightningrod,Battle Armor,Cursed Body,Lightningrod,Rock Head"
106,Hitmonlee,Kicking Pokémon,0,1,1.5,49.8,120,53,87,45,100.0,fighting,"Limber,Reckless,Unburden"
107,Hitmonchan,Punching Pokémon,0,1,1.4,50.2,105,79,76,45,100.0,fighting,"Keen Eye,Iron Fist,Inner Focus"
108,Lickitung,Licking Pokémon,0,1,1.2,65.5,55,75,30,45,50.0,normal,"Own Tempo,Oblivious,Cloud Nine"
109,Koffing,Poison Gas Pokémon,0,1,0.6,1.0,65,95,35,190,50.0,poison,Levitate
110,Weezing,Poison Gas Pokémon,0,1,1.2,9.5,90,120,60,60,50.0,poison,Levitate
111,Rhyhorn,Spikes Pokémon,0,1,1.0,115.0,85,95,25,120,50.0,"ground,rock","Lightningrod,Rock Head,Reckless"
112,Rhydon,Drill Pokémon,0,1,1.9,120.0,130,120,40,60,50.0,"ground,rock","Lightningrod,Rock Head,Reckless"
113,Chansey,Egg Pokémon,0,1,1.1,34.6,5,5,50,30,0.0,normal,"Natural Cure,Serene Grace,Healer"
114,Tangela,Vine Pokémon,0,1,1.0,35.0,55,115,60,45,50.0,grass,"Chlorophyll,Leaf Guard,Regenerator"
115,Kangaskhan,Parent Pokémon,0,1,2.2,80.0,125,100,100,45,0.0,normal,"Early Bird,Scrappy,Inner Focus"
116,Horsea,Dragon Pokémon,0,1,0.4,8.0,40,70,60,225,50.0,water,"Swift Swim,Sniper,Damp"
117,Seadra,Dragon Pokémon,0,1,1.2,25.0,65,95,85,75,50.0,water,"Poison Point,Sniper,Damp"
118,Goldeen,Goldfish Pokémon,0,1,0.6,15.0,67,60,63,225,50.0,water,"Swift Swim,Water Veil,Lightningrod"
119,Seaking,Goldfish Pokémon,0,1,1.3,39.0,92,65,68,60,50.0,water,"Swift Swim,Water Veil,Lightningrod"
120,Staryu,Starshape Pokémon,0,1,0.8,34.5,45,55,85,225,,water,"Illuminate,Natural Cure,Analytic"
121,Starmie,Mysterious Pokémon,0,1,1.1,80.0,75,85,115,60,,"water,psychic","Illuminate,Natural Cure,Analytic"
122,Mr. Mime,Barrier Pokémon,0,1,1.3,54.5,45,65,90,45,50.0,"psychic,fairy","Soundproof,Filter,Technician"
123,Scyther,Mantis Pokémon,0,1,1.5,56.0,110,80,105,45,50.0,"bug,flying","Swarm,Technician,Steadfast"
124,Jynx,Humanshape Pokémon,0,1,1.4,40.6,50,35,95,45,0.0,"ice,psychic","Oblivious,Forewarn,Dry Skin"
125,Electabuzz,Electric Pokémon,0,1,1.1,30.0,83,57,105,45,75.4,electric,"Static,Vital Spirit"
126,Magmar,Spitfire Pokémon,0,1,1.3,44.5,95,57,93,45,75.4,fire,"Flame Body,Vital Spirit"
127,Pinsir,Stagbeetle Pokémon,0,1,1.5,55.0,155,120,105,45,50.0,bug,"Hyper Cutter,Mold Breaker,Moxie"
128,Tauros,Wild Bull Pokémon,0,1,1.4,88.4,100,95,110,45,100.0,normal,"Intimidate,Anger Point,Sheer Force"
129,Magikarp,Fish Pokémon,0,1,0.9,10.0,10,55,80,255,50.0,water,"Swift Swim,Rattled"
130,Gyarados,Atrocious Pokémon,0,1,6.5,235.0,155,109,81,45,50.0,"water,flying","Intimidate,Moxie"
131,Lapras,Transport Pokémon,0,1,2.5,220.0,85,80,60,45,50.0,"water,ice","Water Absorb,Shell Armor,Hydration"
132,Ditto,Transform Pokémon,0,1,0.3,4.0,48,48,48,35,,normal,"Limber,Imposter"
133,Eevee,Evolution Pokémon,0,1,0.3,6.5,55,50,55,45,88.1,normal,"Run Away,Adaptability,Anticipation"
134,Vaporeon,Bubble Jet Pokémon,0,1,1.0,29.0,65,60,65,45,88.1,water,"Water Absorb,Hydration"
135,Jolteon,Lightning Pokémon,0,1,0.8,24.5,65,60,130,45,88.1,electric,"Volt Absorb,Quick Feet"
136,Flareon,Flame Pokémon,0,1,0.9,25.0,130,60,65,45,88.1,fire,"Flash Fire,Guts"
137,Porygon,Virtual Pokémon,0,1,0.8,36.5,60,70,40,45,,normal,"Trace,Download,Analytic"
138,Omanyte,Spiral Pokémon,0,1,0.4,7.5,40,100,35,45,88.1,"rock,water","Swift Swim,Shell Armor,Weak Armor"
139,Omastar,Spiral Pokémon,0,1,1.0,35.0,60,125,55,45,88.1,"rock,water","Swift Swim,Shell Armor,Weak Armor"
140,Kabuto,Shellfish Pokémon,0,1,0.5,11.5,80,90,55,45,88.1,"rock,water","Swift Swim,Battle Armor,Weak Armor"
141,Kabutops,Shellfish Pokémon,0,1,1.3,40.5,115,105,80,45,88.1,"rock,water","Swift Swim,Battle Armor,Weak Armor"
142,Aerodactyl,Fossil Pokémon,0,1,1.8,59.0,135,85,150,45,88.1,"rock,flying","Rock Head,Pressure,Unnerve"
143,Snorlax,Sleeping Pokémon,0,1,2.1,460.0,110,65,30,25,88.1,normal,"Immunity,Thick Fat,Gluttony"
144,Articuno,Freeze Pokémon,1,1,1.7,55.4,85,100,85,3,,"ice,flying,legendary","Pressure,Snow Cloak"
145,Zapdos,Electric Pokémon,1,1,1.6,52.6,90,85,100,3,,"electric,flying,legendary","Pressure,Static"
146,Moltres,Flame Pokémon,1,1,2.0,60.0,100,90,90,3,,"fire,flying,legendary","Pressure,Flame Body"
147,Dratini,Dragon Pokémon,0,1,1.8,3.3,64,45,50,45,50.0,dragon,"Shed Skin,Marvel Scale"
148,Dragonair,Dragon Pokémon,0,1,4.0,16.5,84,65,70,45,50.0,dragon,"Shed Skin,Marvel Scale"
149,Dragonite,Dragon Pokémon,0,1,2.2,210.0,134,95,80,45,50.0,"dragon,flying","Inner Focus,Multiscale"
150,Mewtwo,Genetic Pokémon,1,1,2.0,122.0,150,70,140,3,,"psychic,legendary","Pressure,Unnerve"
151,Mew,New Species Pokémon,1,1,0.4,4.0,100,100,100,45,,"psychic,legendary",Synchronize
152,Chikorita,Leaf Pokémon,0,2,0.9,6.4,49,65,45,45,88.1,grass,"Overgrow,Leaf Guard"
153,Bayleef,Leaf Pokémon,0,2,1.2,15.8,62,80,60,45,88.1,grass,"Overgrow,Leaf Guard"
154,Meganium,Herb Pokémon,0,2,1.8,100.5,82,100,80,45,88.1,grass,"Overgrow,Leaf Guard"
155,Cyndaquil,Fire Mouse Pokémon,0,2,0.5,7.9,52,43,65,45,88.1,fire,"Blaze,Flash Fire"
156,Quilava,Volcano Pokémon,0,2,0.9,19.0,64,58,80,45,88.1,fire,"Blaze,Flash Fire"
157,Typhlosion,Volcano Pokémon,0,2,1.7,79.5,84,78,100,45,88.1,fire,"Blaze,Flash Fire"
158,Totodile,Big Jaw Pokémon,0,2,0.6,9.5,65,64,43,45,88.1,water,"Torrent,Sheer Force"
159,Croconaw,Big Jaw Pokémon,0,2,1.1,25.0,80,80,58,45,88.1,water,"Torrent,Sheer Force"
160,Feraligatr,Big Jaw Pokémon,0,2,2.3,88.8,105,100,78,45,88.1,water,"Torrent,Sheer Force"
161,Sentret,Scout Pokémon,0,2,0.8,6.0,46,34,20,255,50.0,normal,"Run Away,Keen Eye,Frisk"
162,Furret,Long Body Pokémon,0,2,1.8,32.5,76,64,90,90,50.0,normal,"Run Away,Keen Eye,Frisk"
163,Hoothoot,Owl Pokémon,0,2,0.7,21.2,30,30,50,255,50.0,"normal,flying","Insomnia,Keen Eye,Tinted Lens"
164,Noctowl,Owl Pokémon,0,2,1.6,40.8,50,50,70,90,50.0,"normal,flying","Insomnia,Keen Eye,Tinted Lens"
165,Ledyba,Five Star Pokémon,0,2,1.0,10.8,20,30,55,255,50.0,"bug,flying","Swarm,Early Bird,Rattled"
166,Ledian,Five Star Pokémon,0,2,1.4,35.6,35,50,85,90,50.0,"bug,flying","Swarm,Early Bird,Iron Fist"
167,Spinarak,String Spit Pokémon,0,2,0.5,8.5,60,40,30,255,50.0,"bug,poison","Swarm,Insomnia,Sniper"
168,Ariados,Long Leg Pokémon,0,2,1.1,33.5,90,70,40,90,50.0,"bug,poison","Swarm,Insomnia,Sniper"
169,Crobat,Bat Pokémon,0,2,1.8,75.0,90,80,130,90,50.0,"poison,flying","Inner Focus,Infiltrator"
170,Chinchou,Angler Pokémon,0,2,0.5,12.0,38,38,67,190,50.0,"water,electric","Volt Absorb,Illuminate,Water Absorb"
171,Lanturn,Light Pokémon,0,2,1.2,22.5,58,58,67,75,50.0,"water,electric","Volt Absorb,Illuminate,Water Absorb"
172,Pichu,Tiny Mouse Pokémon,0,2,0.3,2.0,40,15,60,190,50.0,electric,"Static,Lightningrod"
173,Cleffa,Star Shape Pokémon,0,2,0.3,3.0,25,28,15,150,24.6,fairy,"Cute Charm,Magic Guard,Friend Guard"
174,Igglybuff,Balloon Pokémon,0,2,0.3,1.0,30,15,15,170,24.6,"normal,fairy","Cute Charm,Competitive,Friend Guard"
175,Togepi,Spike Ball Pokémon,0,2,0.3,1.5,20,65,20,190,88.1,fairy,"Hustle,Serene Grace,Super Luck"
176,Togetic,Happiness Pokémon,0,2,0.6,3.2,40,85,40,75,88.1,"fairy,flying","Hustle,Serene Grace,Super Luck"
177,Natu,Little Bird Pokémon,0,2,0.2,2.0,50,45,70,190,50.0,"psychic,flying","Synchronize,Early Bird,Magic Bounce"
178,Xatu,Mystic Pokémon,0,2,1.5,15.0,75,70,95,75,50.0,"psychic,flying","Synchronize,Early Bird,Magic Bounce"
179,Mareep,Wool Pokémon,0,2,0.6,7.8,40,40,35,235,50.0,electric,"Static,Plus"
180,Flaaffy,Wool Pokémon,0,2,0.8,13.3,55,55,45,120,50.0,electric,"Static,Plus"
181,Ampharos,Light Pokémon,0,2,1.4,61.5,95,105,45,45,50.0,electric,"Static,Plus"
182,Bellossom,Flower Pokémon,0,2,0.4,5.8,80,95,50,45,50.0,grass,"Chlorophyll,Healer"
183,Marill,Aquamouse Pokémon,0,2,0.4,8.5,20,50,40,190,50.0,"water,fairy","Thick Fat,Huge Power,Sap Sipper"
184,Azumarill,Aquarabbit Pokémon,0,2,0.8,28.5,50,80,50,75,50.0,"water,fairy","Thick Fat,Huge Power,Sap Sipper"
185,Sudowoodo,Imitation Pokémon,0,2,1.2,38.0,100,115,30,65,50.0,rock,"Sturdy,Rock Head,Rattled"
186,Politoed,Frog Pokémon,0,2,1.1,33.9,75,75,70,45,50.0,water,"Water Absorb,Damp,Drizzle"
187,Hoppip,Cottonweed Pokémon,0,2,0.4,0.5,35,40,50,255,50.0,"grass,flying","Chlorophyll,Leaf Guard,Infiltrator"
188,Skiploom,Cottonweed Pokémon,0,2,0.6,1.0,45,50,80,120,50.0,"grass,flying","Chlorophyll,Leaf Guard,Infiltrator"
189,Jumpluff,Cottonweed Pokémon,0,2,0.8,3.0,55,70,110,45,50.0,"grass,flying","Chlorophyll,Leaf Guard,Infiltrator"
190,Aipom,Long Tail Pokémon,0,2,0.8,11.5,70,55,85,45,50.0,normal,"Run Away,Pickup,Skill Link"
191,Sunkern,Seed Pokémon,0,2,0.3,1.8,30,30,30,235,50.0,grass,"Chlorophyll,Solar Power,Early Bird"
192,Sunflora,Sun Pokémon,0,2,0.8,8.5,75,55,30,120,50.0,grass,"Chlorophyll,Solar Power,Early Bird"
193,Yanma,Clear Wing Pokémon,0,2,1.2,38.0,65,45,95,75,50.0,"bug,flying","Speed Boost,Compoundeyes,Frisk"
194,Wooper,Water Fish Pokémon,0,2,0.4,8.5,45,45,15,255,50.0,"water,ground","Damp,Water Absorb,Unaware"
195,Quagsire,Water Fish Pokémon,0,2,1.4,75.0,85,85,35,90,50.0,"water,ground","Damp,Water Absorb,Unaware"
196,Espeon,Sun Pokémon,0,2,0.9,26.5,65,60,110,45,88.1,psychic,"Synchronize,Magic Bounce"
197,Umbreon,Moonlight Pokémon,0,2,1.0,27.0,65,110,65,45,88.1,dark,"Synchronize,Inner Focus"
198,Murkrow,Darkness Pokémon,0,2,0.5,2.1,85,42,91,30,50.0,"dark,flying","Insomnia,Super Luck,Prankster"
199,Slowking,Royal Pokémon,0,2,2.0,79.5,75,80,30,70,50.0,"water,psychic","Oblivious,Own Tempo,Regenerator"
200,Misdreavus,Screech Pokémon,0,2,0.7,1.0,60,60,85,45,50.0,ghost,Levitate
201,Unown,Symbol Pokémon,0,2,0.5,5.0,72,48,48,225,,psychic,Levitate
202,Wobbuffet,Patient Pokémon,0,2,1.3,28.5,33,58,33,45,50.0,psychic,"Shadow Tag,Telepathy"
203,Girafarig,Long Neck Pokémon,0,2,1.5,41.5,80,65,85,60,50.0,"normal,psychic","Inner Focus,Early Bird,Sap Sipper"
204,Pineco,Bagworm Pokémon,0,2,0.6,7.2,65,90,15,190,50.0,bug,"Sturdy,Overcoat"
205,Forretress,Bagworm Pokémon,0,2,1.2,125.8,90,140,40,75,50.0,"bug,steel","Sturdy,Overcoat"
206,Dunsparce,Land Snake Pokémon,0,2,1.5,14.0,70,70,45,190,50.0,normal,"Serene Grace,Run Away,Rattled"
207,Gligar,Flyscorpion Pokémon,0,2,1.1,64.8,75,105,85,60,50.0,"ground,flying","Hyper Cutter,Sand Veil,Immunity"
208,Steelix,Iron Snake Pokémon,0,2,9.2,400.0,125,230,30,25,50.0,"steel,ground","Rock Head,Sturdy,Sheer Force"
209,Snubbull,Fairy Pokémon,0,2,0.6,7.8,80,50,30,190,24.6,fairy,"Intimidate,Run Away,Rattled"
210,Granbull,Fairy Pokémon,0,2,1.4,48.7,120,75,45,75,24.6,fairy,"Intimidate,Quick Feet,Rattled"
211,Qwilfish,Balloon Pokémon,0,2,0.5,3.9,95,85,85,45,50.0,"water,poison","Poison Point,Swift Swim,Intimidate"
212,Scizor,Pincer Pokémon,0,2,1.8,118.0,150,140,75,25,50.0,"bug,steel","Swarm,Technician,Light Metal"
213,Shuckle,Mold Pokémon,0,2,0.6,20.5,10,230,5,190,50.0,"bug,rock","Sturdy,Gluttony,Contrary"
214,Heracross,Singlehorn Pokémon,0,2,1.5,54.0,185,115,75,45,50.0,"bug,fighting","Swarm,Guts,Moxie"
215,Sneasel,Sharp Claw Pokémon,0,2,0.9,28.0,95,55,115,60,50.0,"dark,ice","Inner Focus,Keen Eye,Pickpocket"
216,Teddiursa,Little Bear Pokémon,0,2,0.6,8.8,80,50,40,120,50.0,normal,"Pickup,Quick Feet,Honey Gather"
217,Ursaring,Hibernator Pokémon,0,2,1.8,125.8,130,75,55,60,50.0,normal,"Guts,Quick Feet,Unnerve"
218,Slugma,Lava Pokémon,0,2,0.7,35.0,40,40,20,190,50.0,fire,"Magma Armor,Flame Body,Weak Armor"
219,Magcargo,Lava Pokémon,0,2,0.8,55.0,50,120,30,75,50.0,"fire,rock","Magma Armor,Flame Body,Weak Armor"
220,Swinub,Pig Pokémon,0,2,0.4,6.5,50,40,50,225,50.0,"ice,ground","Oblivious,Snow Cloak,Thick Fat"
221,Piloswine,Swine Pokémon,0,2,1.1,55.8,100,80,50,75,50.0,"ice,ground","Oblivious,Snow Cloak,Thick Fat"
222,Corsola,Coral Pokémon,0,2,0.6,5.0,55,95,35,60,24.6,"water,rock","Hustle,Natural Cure,Regenerator"
223,Remoraid,Jet Pokémon,0,2,0.6,12.0,65,35,65,190,50.0,water,"Hustle,Sniper,Moody"
224,Octillery,Jet Pokémon,0,2,0.9,28.5,105,75,45,75,50.0,water,"Suction Cups,Sniper,Moody"
225,Delibird,Delivery Pokémon,0,2,0.9,16.0,55,45,75,45,50.0,"ice,flying","Vital Spirit,Hustle,Insomnia"
226,Mantine,Kite Pokémon,0,2,2.1,220.0,40,70,70,25,50.0,"water,flying","Swift Swim,Water Absorb,Water Veil"
227,Skarmory,Armor Bird Pokémon,0,2,1.7,50.5,80,140,70,25,50.0,"steel,flying","Keen Eye,Sturdy,Weak Armor"
228,Houndour,Dark Pokémon,0,2,0.6,10.8,60,30,65,120,50.0,"dark,fire","Early Bird,Flash Fire,Unnerve"
229,Houndoom,Dark Pokémon,0,2,1.4,35.0,90,90,115,45,50.0,"dark,fire","Early Bird,Flash Fire,Unnerve"
230,Kingdra,Dragon Pokémon,0,2,1.8,152.0,95,95,85,45,50.0,"water,dragon","Swift Swim,Sniper,Damp"
231,Phanpy,Long Nose Pokémon,0,2,0.5,33.5,60,60,40,120,50.0,ground,"Pickup,Sand Veil"
232,Donphan,Armor Pokémon,0,2,1.1,120.0,120,120,50,60,50.0,ground,"Sturdy,Sand Veil"
233,Porygon2,Virtual Pokémon,0,2,0.6,32.5,80,90,60,45,,normal,"Trace,Download,Analytic"
234,Stantler,Big Horn Pokémon,0,2,1.4,71.2,95,62,85,45,50.0,normal,"Intimidate,Frisk,Sap Sipper"
235,Smeargle,Painter Pokémon,0,2,1.2,58.0,20,35,75,45,50.0,normal,"Own Tempo,Technician,Moody"
236,Tyrogue,Scuffle Pokémon,0,2,0.7,21.0,35,35,35,75,100.0,fighting,"Guts,Steadfast,Vital Spirit"
237,Hitmontop,Handstand Pokémon,0,2,1.4,48.0,95,95,70,45,100.0,fighting,"Intimidate,Technician,Steadfast"
238,Smoochum,Kiss Pokémon,0,2,0.4,6.0,30,15,65,45,0.0,"ice,psychic","Oblivious,Forewarn,Hydration"
239,Elekid,Electric Pokémon,0,2,0.6,23.5,63,37,95,45,75.4,electric,"Static,Vital Spirit"
240,Magby,Live Coal Pokémon,0,2,0.7,21.4,75,37,83,45,75.4,fire,"Flame Body,Vital Spirit"
241,Miltank,Milk Cow Pokémon,0,2,1.2,75.5,80,105,100,45,0.0,normal,"Thick Fat,Scrappy,Sap Sipper"
242,Blissey,Happiness Pokémon,0,2,1.5,46.8,10,10,55,30,0.0,normal,"Natural Cure,Serene Grace,Healer"
243,Raikou,Thunder Pokémon,1,2,1.9,178.0,85,75,115,3,,"electric,legendary","Pressure,Inner Focus"
244,Entei,Volcano Pokémon,1,2,2.1,198.0,115,85,100,3,,"fire,legendary","Pressure,Inner Focus"
245,Suicune,Aurora Pokémon,1,2,2.0,187.0,75,115,85,3,,"water,legendary","Pressure,Inner Focus"
246,Larvitar,Rock Skin Pokémon,0,2,0.6,72.0,64,50,41,45,50.0,"rock,ground","Guts,Sand Veil"
247,Pupitar,Hard Shell Pokémon,0,2,1.2,152.0,84,70,51,45,50.0,"rock,ground",Shed Skin
248,Tyranitar,Armor Pokémon,0,2,2.0,202.0,164,150,71,45,50.0,"rock,dark","Sand Stream,Unnerve"
249,Lugia,Diving Pokémon,1,2,5.2,216.0,90,130,110,3,,"psychic,flying,legendary","Pressure,Multiscale"
250,Ho-Oh,Rainbow Pokémon,1,2,3.8,199.0,130,90,90,3,,"fire,flying,legendary","Pressure,Regenerator"
251,Celebi,Time Travel Pokémon,1,2,0.6,5.0,100,100,100,45,,"psychic,grass,legendary",Natural Cure
252,Treecko,Wood Gecko Pokémon,0,3,0.5,5.0,45,35,70,45,88.1,grass,"Overgrow,Unburden"
253,Grovyle,Wood Gecko Pokémon,0,3,0.9,21.6,65,45,95,45,88.1,grass,"Overgrow,Unburden"
254,Sceptile,Forest Pokémon,0,3,1.7,52.2,110,75,145,45,88.1,grass,"Overgrow,Unburden"
255,Torchic,Chick Pokémon,0,3,0.4,2.5,60,40,45,45,88.1,fire,"Blaze,Speed Boost"
256,Combusken,Young Fowl Pokémon,0,3,0.9,19.5,85,60,55,45,88.1,"fire,fighting","Blaze,Speed Boost"
257,Blaziken,Blaze Pokémon,0,3,1.9,52.0,160,80,100,45,88.1,"fire,fighting","Blaze,Speed Boost"
258,Mudkip,Mud Fish Pokémon,0,3,0.4,7.6,70,50,40,45,88.1,water,"Torrent,Damp"
259,Marshtomp,Mud Fish Pokémon,0,3,0.7,28.0,85,70,50,45,88.1,"water,ground","Torrent,Damp"
260,Swampert,Mud Fish Pokémon,0,3,1.5,81.9,150,110,70,45,88.1,"water,ground","Torrent,Damp"
261,Poochyena,Bite Pokémon,0,3,0.5,13.6,55,35,35,255,50.0,dark,"Run Away,Quick Feet,Rattled"
262,Mightyena,Bite Pokémon,0,3,1.0,37.0,90,70,70,127,50.0,dark,"Intimidate,Quick Feet,Moxie"
263,Zigzagoon,Tiny Racoon Pokémon,0,3,0.4,17.5,30,41,60,255,50.0,normal,"Pickup,Gluttony,Quick Feet"
264,Linoone,Rush Pokémon,0,3,0.5,32.5,70,61,100,90,50.0,normal,"Pickup,Gluttony,Quick Feet"
265,Wurmple,Worm Pokémon,0,3,0.3,3.6,45,35,20,255,50.0,bug,"Shield Dust,Run Away"
266,Silcoon,Cocoon Pokémon,0,3,0.6,10.0,35,55,15,120,50.0,bug,Shed Skin
267,Beautifly,Butterfly Pokémon,0,3,1.0,28.4,70,50,65,45,50.0,"bug,flying","Swarm,Rivalry"
268,Cascoon,Cocoon Pokémon,0,3,0.7,11.5,35,55,15,120,50.0,bug,Shed Skin
269,Dustox,Poison Moth Pokémon,0,3,1.2,31.6,50,70,65,45,50.0,"bug,poison","Shield Dust,Compoundeyes"
270,Lotad,Water Weed Pokémon,0,3,0.5,2.6,30,30,30,255,50.0,"water,grass","Swift Swim,Rain Dish,Own Tempo"
271,Lombre,Jolly Pokémon,0,3,1.2,32.5,50,50,50,120,50.0,"water,grass","Swift Swim,Rain Dish,Own Tempo"
272,Ludicolo,Carefree Pokémon,0,3,1.5,55.0,70,70,70,45,50.0,"water,grass","Swift Swim,Rain Dish,Own Tempo"
273,Seedot,Acorn Pokémon,0,3,0.5,4.0,40,50,30,255,50.0,grass,"Chlorophyll,Early Bird,Pickpocket"
274,Nuzleaf,Wily Pokémon,0,3,1.0,28.0,70,40,60,120,50.0,"grass,dark","Chlorophyll,Early Bird,Pickpocket"
275,Shiftry,Wickid Pokémon,0,3,1.3,59.6,100,60,80,45,50.0,"grass,dark","Chlorophyll,Early Bird,Pickpocket"
276,Taillow,TinySwallow Pokémon,0,3,0.3,2.3,55,30,85,200,50.0,"normal,flying","Guts,Scrappy"
277,Swellow,Swallow Pokémon,0,3,0.7,19.8,85,60,125,45,50.0,"normal,flying","Guts,Scrappy"
278,Wingull,Seagull Pokémon,0,3,0.6,9.5,30,30,85,190,50.0,"water,flying","Keen Eye,Hydration,Rain Dish"
279,Pelipper,Water Bird Pokémon,0,3,1.2,28.0,50,100,65,45,50.0,"water,flying","Keen Eye,Drizzle,Rain Dish"
280,Ralts,Feeling Pokémon,0,3,0.4,6.6,25,25,40,235,50.0,"psychic,fairy","Synchronize,Trace,Telepathy"
281,Kirlia,Emotion Pokémon,0,3,0.8,20.2,35,35,50,120,50.0,"psychic,fairy","Synchronize,Trace,Telepathy"
282,Gardevoir,Embrace Pokémon,0,3,1.6,48.4,85,65,100,45,50.0,"psychic,fairy","Synchronize,Trace,Telepathy"
283,Surskit,Pond Skater Pokémon,0,3,0.5,1.7,30,32,65,200,50.0,"bug,water","Swift Swim,Rain Dish"
284,Masquerain,Eyeball Pokémon,0,3,0.8,3.6,60,62,80,75,50.0,"bug,flying","Intimidate,Unnerve"
285,Shroomish,Mushroom Pokémon,0,3,0.4,4.5,40,60,35,255,50.0,grass,"Effect Spore,Poison Heal,Quick Feet"
286,Breloom,Mushroom Pokémon,0,3,1.2,39.2,130,80,70,90,50.0,"grass,fighting","Effect Spore,Poison Heal,Technician"
287,Slakoth,Slacker Pokémon,0,3,0.8,24.0,60,60,30,255,50.0,normal,Truant
288,Vigoroth,Wild Monkey Pokémon,0,3,1.4,46.5,80,80,90,120,50.0,normal,Vital Spirit
289,Slaking,Lazy Pokémon,0,3,2.0,130.5,160,100,100,45,50.0,normal,Truant
290,Nincada,Trainee Pokémon,0,3,0.5,5.5,45,90,40,255,50.0,"bug,ground","Compoundeyes,Run Away"
291,Ninjask,Ninja Pokémon,0,3,0.8,12.0,90,45,160,120,50.0,"bug,flying","Speed Boost,Infiltrator"
292,Shedinja,Shed Pokémon,0,3,0.8,1.2,90,45,40,45,,"bug,ghost",Wonder Guard
293,Whismur,Whisper Pokémon,0,3,0.6,16.3,51,23,28,190,50.0,normal,"Soundproof,Rattled"
294,Loudred,Big Voice Pokémon,0,3,1.0,40.5,71,43,48,120,50.0,normal,"Soundproof,Scrappy"
295,Exploud,Loud Noise Pokémon,0,3,1.5,84.0,91,63,68,45,50.0,normal,"Soundproof,Scrappy"
296,Makuhita,Guts Pokémon,0,3,1.0,86.4,60,30,25,180,75.4,fighting,"Thick Fat,Guts,Sheer Force"
297,Hariyama,Arm Thrust Pokémon,0,3,2.3,253.8,120,60,50,200,75.4,fighting,"Thick Fat,Guts,Sheer Force"
298,Azurill,Polka Dot Pokémon,0,3,0.2,2.0,20,40,20,150,24.6,"normal,fairy","Thick Fat,Huge Power,Sap Sipper"
299,Nosepass,Compass Pokémon,0,3,1.0,97.0,45,135,30,255,50.0,rock,"Sturdy,Magnet Pull,Sand Force"
300,Skitty,Kitten Pokémon,0,3,0.6,11.0,45,45,50,255,24.6,normal,"Cute Charm,Normalize,Wonder Skin "
301,Delcatty,Prim Pokémon,0,3,1.1,32.6,65,65,90,60,24.6,normal,"Cute Charm,Normalize,Wonder Skin "
302,Sableye,Darkness Pokémon,0,3,0.5,11.0,85,125,20,45,50.0,"dark,ghost","Keen Eye,Stall,Prankster"
303,Mawile,Deceiver Pokémon,0,3,0.6,11.5,105,125,50,45,50.0,"steel,fairy","Hyper Cutter,Intimidate,Sheer Force"
304,Aron,Iron Armor Pokémon,0,3,0.4,60.0,70,100,30,180,50.0,"steel,rock","Sturdy,Rock Head,Heavy Metal"
305,Lairon,Iron Armor Pokémon,0,3,0.9,120.0,90,140,40,90,50.0,"steel,rock","Sturdy,Rock Head,Heavy Metal"
306,Aggron,Iron Armor Pokémon,0,3,2.1,360.0,140,230,50,45,50.0,"steel,rock","Sturdy,Rock Head,Heavy Metal"
307,Meditite,Meditate Pokémon,0,3,0.6,11.2,40,55,60,180,50.0,"fighting,psychic","Pure Power,Telepathy"
308,Medicham,Meditate Pokémon,0,3,1.3,31.5,100,85,100,90,50.0,"fighting,psychic","Pure Power,Telepathy"
309,Electrike,Lightning Pokémon,0,3,0.6,15.2,45,40,65,120,50.0,electric,"Static,Lightningrod,Minus"
310,Manectric,Discharge Pokémon,0,3,1.5,40.2,75,80,135,45,50.0,electric,"Static,Lightningrod,Minus"
311,Plusle,Cheering Pokémon,0,3,0.4,4.2,50,40,95,200,50.0,electric,"Plus,Lightningrod"
312,Minun,Cheering Pokémon,0,3,0.4,4.2,40,50,95,200,50.0,electric,"Minus,Volt Absorb"
313,Volbeat,Firefly Pokémon,0,3,0.7,17.7,73,75,85,150,100.0,bug,"Illuminate,Swarm,Prankster"
314,Illumise,Firefly Pokémon,0,3,0.6,17.7,47,75,85,150,0.0,bug,"Oblivious,Tinted Lens,Prankster"
315,Roselia,Thorn Pokémon,0,3,0.3,2.0,60,45,65,150,50.0,"grass,poison","Natural Cure,Poison Point,Leaf Guard"
316,Gulpin,Stomach Pokémon,0,3,0.4,10.3,43,53,40,225,50.0,poison,"Liquid Ooze,Sticky Hold,Gluttony"
317,Swalot,Poison Bag Pokémon,0,3,1.7,80.0,73,83,55,75,50.0,poison,"Liquid Ooze,Sticky Hold,Gluttony"
318,Carvanha,Savage Pokémon,0,3,0.8,20.8,90,20,65,225,50.0,"water,dark","Rough Skin,Speed Boost"
319,Sharpedo,Brutal Pokémon,0,3,1.8,88.8,140,70,105,60,50.0,"water,dark","Rough Skin,Speed Boost"
320,Wailmer,Ball Whale Pokémon,0,3,2.0,130.0,70,35,60,125,50.0,water,"Water Veil,Oblivious,Pressure"
321,Wailord,Float Whale Pokémon,0,3,14.5,398.0,90,45,60,60,50.0,water,"Water Veil,Oblivious,Pressure"
322,Numel,Numb Pokémon,0,3,0.7,24.0,60,40,35,255,50.0,"fire,ground","Oblivious,Simple,Own Tempo"
323,Camerupt,Eruption Pokémon,0,3,1.9,220.0,120,100,20,150,50.0,"fire,ground","Magma Armor,Solid Rock,Anger Point"
324,Torkoal,Coal Pokémon,0,3,0.5,80.4,85,140,20,90,50.0,fire,"White Smoke,Drought,Shell Armor"
325,Spoink,Bounce Pokémon,0,3,0.7,30.6,25,35,60,255,50.0,psychic,"Thick Fat,Own Tempo,Gluttony"
326,Grumpig,Manipulate Pokémon,0,3,0.9,71.5,45,65,80,60,50.0,psychic,"Thick Fat,Own Tempo,Gluttony"
327,Spinda,Spot Panda Pokémon,0,3,1.1,5.0,60,60,60,255,50.0,normal,"Own Tempo,Tangled Feet,Contrary"
328,Trapinch,Ant Pit Pokémon,0,3,0.7,15.0,100,45,10,255,50.0,ground,"Hyper Cutter,Arena Trap,Sheer Force"
329,Vibrava,Vibration Pokémon,0,3,1.1,15.3,70,50,70,120,50.0,"ground,dragon",Levitate
330,Flygon,Mystic Pokémon,0,3,2.0,82.0,100,80,100,45,50.0,"ground,dragon",Levitate
331,Cacnea,Cactus Pokémon,0,3,0.4,51.3,85,40,35,190,50.0,grass,"Sand Veil,Water Absorb"
332,Cacturne,Scarecrow Pokémon,0,3,1.3,77.4,115,60,55,60,50.0,"grass,dark","Sand Veil,Water Absorb"
333,Swablu,Cotton Bird Pokémon,0,3,0.4,1.2,40,60,50,255,50.0,"normal,flying","Natural Cure,Cloud Nine"
334,Altaria,Humming Pokémon,0,3,1.1,20.6,110,110,80,45,50.0,"dragon,flying","Natural Cure,Cloud Nine"
335,Zangoose,Cat Ferret Pokémon,0,3,1.3,40.3,115,60,90,90,50.0,normal,"Immunity,Toxic Boost"
336,Seviper,Fang Snake Pokémon,0,3,2.7,52.5,100,60,65,90,50.0,poison,"Shed Skin,Infiltrator"
337,Lunatone,Meteorite Pokémon,0,3,1.0,168.0,55,65,70,45,,"rock,psychic",Levitate
338,Solrock,Meteorite Pokémon,0,3,1.2,154.0,95,85,70,45,,"rock,psychic",Levitate
339,Barboach,Whiskers Pokémon,0,3,0.4,1.9,48,43,60,190,50.0,"water,ground","Oblivious,Anticipation,Hydration"
340,Whiscash,Whiskers Pokémon,0,3,0.9,23.6,78,73,60,75,50.0,"water,ground","Oblivious,Anticipation,Hydration"
341,Corphish,Ruffian Pokémon,0,3,0.6,11.5,80,65,35,205,50.0,water,"Hyper Cutter,Shell Armor,Adaptability"
342,Crawdaunt,Rogue Pokémon,0,3,1.1,32.8,120,85,55,155,50.0,"water,dark","Hyper Cutter,Shell Armor,Adaptability"
343,Baltoy,Clay Doll Pokémon,0,3,0.5,21.5,40,55,55,255,,"ground,psychic",Levitate
344,Claydol,Clay Doll Pokémon,0,3,1.5,108.0,70,105,75,90,,"ground,psychic",Levitate
345,Lileep,Sea Lily Pokémon,0,3,1.0,23.8,41,77,23,45,88.1,"rock,grass","Suction Cups,Storm Drain"
346,Cradily,Barnacle Pokémon,0,3,1.5,60.4,81,97,43,45,88.1,"rock,grass","Suction Cups,Storm Drain"
347,Anorith,Old Shrimp Pokémon,0,3,0.7,12.5,95,50,75,45,88.1,"rock,bug","Battle Armor,Swift Swim"
348,Armaldo,Plate Pokémon,0,3,1.5,68.2,125,100,45,45,88.1,"rock,bug","Battle Armor,Swift Swim"
349,Feebas,Fish Pokémon,0,3,0.6,7.4,15,20,80,255,50.0,water,"Swift Swim,Oblivious,Adaptability"
350,Milotic,Tender Pokémon,0,3,6.2,162.0,60,79,81,60,50.0,water,"Marvel Scale,Competitive,Cute Charm"
351,Castform,Weather Pokémon,0,3,0.3,0.8,70,70,70,45,50.0,normal,Forecast
352,Kecleon,Color Swap Pokémon,0,3,1.0,22.0,90,70,40,200,50.0,normal,"Color Change,Protean"
353,Shuppet,Puppet Pokémon,0,3,0.6,2.3,75,35,45,225,50.0,ghost,"Insomnia,Frisk,Cursed Body"
354,Banette,Marionette Pokémon,0,3,1.1,12.5,165,75,75,45,50.0,ghost,"Insomnia,Frisk,Cursed Body"
355,Duskull,Requiem Pokémon,0,3,0.8,15.0,40,90,25,190,50.0,ghost,"Levitate,Frisk"
356,Dusclops,Beckon Pokémon,0,3,1.6,30.6,70,130,25,90,50.0,ghost,"Pressure,Frisk"
357,Tropius,Fruit Pokémon,0,3,2.0,100.0,68,83,51,200,50.0,"grass,flying","Chlorophyll,Solar Power,Harvest"
358,Chimecho,Wind Chime Pokémon,0,3,0.6,1.0,50,80,65,45,50.0,psychic,Levitate
359,Absol,Disaster Pokémon,0,3,1.2,47.0,150,60,115,30,50.0,dark,"Pressure,Super Luck,Justified"
360,Wynaut,Bright Pokémon,0,3,0.6,14.0,23,48,23,125,50.0,psychic,"Shadow Tag,Telepathy"
361,Snorunt,Snow Hat Pokémon,0,3,0.7,16.8,50,50,50,190,50.0,ice,"Inner Focus,Ice Body,Moody"
362,Glalie,Face Pokémon,0,3,1.5,256.5,120,80,100,75,50.0,ice,"Inner Focus,Ice Body,Moody"
363,Spheal,Clap Pokémon,0,3,0.8,39.5,40,50,25,255,50.0,"ice,water","Thick Fat,Ice Body,Oblivious"
364,Sealeo,Ball Roll Pokémon,0,3,1.1,87.6,60,70,45,120,50.0,"ice,water","Thick Fat,Ice Body,Oblivious"
365,Walrein,Ice Break Pokémon,0,3,1.4,150.6,80,90,65,45,50.0,"ice,water","Thick Fat,Ice Body,Oblivious"
366,Clamperl,Bivalve Pokémon,0,3,0.4,52.5,64,85,32,255,50.0,water,"Shell Armor,Rattled"
367,Huntail,Deep Sea Pokémon,0,3,1.7,27.0,104,105,52,60,50.0,water,"Swift Swim,Water Veil"
368,Gorebyss,South Sea Pokémon,0,3,1.8,22.6,84,105,52,60,50.0,water,"Swift Swim,Hydration"
369,Relicanth,Longevity Pokémon,0,3,1.0,23.4,90,130,55,25,88.1,"water,rock","Swift Swim,Rock Head,Sturdy"
370,Luvdisc,Rendezvous Pokémon,0,3,0.6,8.7,30,55,97,225,24.6,water,"Swift Swim,Hydration"
371,Bagon,Rock Head Pokémon,0,3,0.6,42.1,75,60,50,45,50.0,dragon,"Rock Head,Sheer Force"
372,Shelgon,Endurance Pokémon,0,3,1.1,110.5,95,100,50,45,50.0,dragon,"Rock Head,Overcoat"
373,Salamence,Dragon Pokémon,0,3,1.5,102.6,145,130,120,45,50.0,"dragon,flying","Intimidate,Moxie"
374,Beldum,Iron Ball Pokémon,0,3,0.6,95.2,55,80,30,3,,"steel,psychic","Clear Body,Light Metal"
375,Metang,Iron Claw Pokémon,0,3,1.2,202.5,75,100,50,3,,"steel,psychic","Clear Body,Light Metal"
376,Metagross,Iron Leg Pokémon,0,3,1.6,550.0,145,150,110,3,,"steel,psychic","Clear Body,Light Metal"
377,Regirock,Rock Peak Pokémon,1,3,1.7,230.0,100,200,50,3,,"rock,legendary","Clear Body,Sturdy"
378,Regice,Iceberg Pokémon,1,3,1.8,175.0,50,100,50,3,,"ice,legendary","Clear Body,Ice Body"
379,Registeel,Iron Pokémon,1,3,1.9,205.0,75,150,50,3,,"steel,legendary","Clear Body,Light Metal"
380,Latias,Eon Pokémon,1,3,1.4,40.0,100,120,110,3,0.0,"dragon,psychic,legendary",Levitate
381,Latios,Eon Pokémon,1,3,2.0,60.0,130,100,110,3,100.0,"dragon,psychic,legendary",Levitate
382,Kyogre,Sea Basin Pokémon,1,3,4.5,352.0,150,90,90,3,,"water,legendary",Drizzle
383,Groudon,Continent Pokémon,1,3,3.5,950.0,180,160,90,3,,"ground,legendary",Drought
384,Rayquaza,Sky High Pokémon,1,3,7.0,206.5,180,100,115,45,,"dragon,flying,legendary",Air Lock
385,Jirachi,Wish Pokémon,1,3,0.3,1.1,100,100,100,3,,"steel,psychic,legendary",Serene Grace
386,Deoxys,DNA Pokémon,1,3,1.7,60.8,95,90,180,3,,"psychic,legendary",Pressure
387,Turtwig,Tiny Leaf Pokémon,0,4,0.4,10.2,68,64,31,45,88.1,grass,"Overgrow,Shell Armor"
388,Grotle,Grove Pokémon,0,4,1.1,97.0,89,85,36,45,88.1,grass,"Overgrow,Shell Armor"
389,Torterra,Continent Pokémon,0,4,2.2,310.0,109,105,56,45,88.1,"grass,ground","Overgrow,Shell Armor"
390,Chimchar,Chimp Pokémon,0,4,0.5,6.2,58,44,61,45,88.1,fire,"Blaze,Iron Fist"
391,Monferno,Playful Pokémon,0,4,0.9,22.0,78,52,81,45,88.1,"fire,fighting","Blaze,Iron Fist"
392,Infernape,Flame Pokémon,0,4,1.2,55.0,104,71,108,45,88.1,"fire,fighting","Blaze,Iron Fist"
393,Piplup,Penguin Pokémon,0,4,0.4,5.2,51,53,40,45,88.1,water,"Torrent,Defiant"
394,Prinplup,Penguin Pokémon,0,4,0.8,23.0,66,68,50,45,88.1,water,"Torrent,Defiant"
395,Empoleon,Emperor Pokémon,0,4,1.7,84.5,86,88,60,45,88.1,"water,steel","Torrent,Defiant"
396,Starly,Starling Pokémon,0,4,0.3,2.0,55,30,60,255,50.0,"normal,flying","Keen Eye,Reckless"
397,Staravia,Starling Pokémon,0,4,0.6,15.5,75,50,80,120,50.0,"normal,flying","Intimidate,Reckless"
398,Staraptor,Predator Pokémon,0,4,1.2,24.9,120,70,100,45,50.0,"normal,flying","Intimidate,Reckless"
399,Bidoof,Plump Mouse Pokémon,0,4,0.5,20.0,45,40,31,255,50.0,normal,"Simple,Unaware,Moody"
400,Bibarel,Beaver Pokémon,0,4,1.0,31.5,85,60,71,127,50.0,"normal,water","Simple,Unaware,Moody"
401,Kricketot,Cricket Pokémon,0,4,0.3,2.2,25,41,25,255,50.0,bug,"Shed Skin,Run Away"
402,Kricketune,Cricket Pokémon,0,4,1.0,25.5,85,51,65,45,50.0,bug,"Swarm,Technician"
403,Shinx,Flash Pokémon,0,4,0.5,9.5,65,34,45,235,50.0,electric,"Rivalry,Intimidate,Guts"
404,Luxio,Spark Pokémon,0,4,0.9,30.5,85,49,60,120,50.0,electric,"Rivalry,Intimidate,Guts"
405,Luxray,Gleam Eyes Pokémon,0,4,1.4,42.0,120,79,70,45,50.0,electric,"Rivalry,Intimidate,Guts"
406,Budew,Bud Pokémon,0,4,0.2,1.2,30,35,55,255,50.0,"grass,poison","Natural Cure,Poison Point,Leaf Guard"
407,Roserade,Bouquet Pokémon,0,4,0.9,14.5,70,65,90,75,50.0,"grass,poison","Natural Cure,Poison Point,Technician"
408,Cranidos,Head Butt Pokémon,0,4,0.9,31.5,125,40,58,45,88.1,rock,"Mold Breaker,Sheer Force"
409,Rampardos,Head Butt Pokémon,0,4,1.6,102.5,165,60,58,45,88.1,rock,"Mold Breaker,Sheer Force"
410,Shieldon,Shield Pokémon,0,4,0.5,57.0,42,118,30,45,88.1,"rock,steel","Sturdy,Soundproof"
411,Bastiodon,Shield Pokémon,0,4,1.3,149.5,52,168,30,45,88.1,"rock,steel","Sturdy,Soundproof"
412,Burmy,Bagworm Pokémon,0,4,0.2,3.4,29,45,36,120,50.0,bug,"Shed Skin,Overcoat"
413,Wormadam,Bagworm Pokémon,0,4,0.5,6.5,69,95,36,45,0.0,"bug,grass","Anticipation,Overcoat"
414,Mothim,Moth Pokémon,0,4,0.9,23.3,94,50,66,45,100.0,"bug,flying","Swarm,Tinted Lens"
415,Combee,Tiny Bee Pokémon,0,4,0.3,5.5,30,42,70,120,88.1,"bug,flying","Honey Gather,Hustle"
416,Vespiquen,Beehive Pokémon,0,4,1.2,38.5,80,102,40,45,0.0,"bug,flying","Pressure,Unnerve"
417,Pachirisu,EleSquirrel Pokémon,0,4,0.4,3.9,45,70,95,200,50.0,electric,"Run Away,Pickup,Volt Absorb"
418,Buizel,Sea Weasel Pokémon,0,4,0.7,29.5,65,35,85,190,50.0,water,"Swift Swim,Water Veil"
419,Floatzel,Sea Weasel Pokémon,0,4,1.1,33.5,105,55,115,75,50.0,water,"Swift Swim,Water Veil"
420,Cherubi,Cherry Pokémon,0,4,0.4,3.3,35,45,35,190,50.0,grass,Chlorophyll
421,Cherrim,Blossom Pokémon,0,4,0.5,9.3,60,70,85,75,50.0,grass,Flower Gift
422,Shellos,Sea Slug Pokémon,0,4,0.3,6.3,48,48,34,190,50.0,water,"Sticky Hold,Storm Drain,Sand Force"
423,Gastrodon,Sea Slug Pokémon,0,4,0.9,29.9,83,68,39,75,50.0,"water,ground","Sticky Hold,Storm Drain,Sand Force"
424,Ambipom,Long Tail Pokémon,0,4,1.2,20.3,100,66,115,45,50.0,normal,"Technician,Pickup,Skill Link"
425,Drifloon,Balloon Pokémon,0,4,0.4,1.2,50,34,70,125,50.0,"ghost,flying","Aftermath,Unburden,Flare Boost"
426,Drifblim,Blimp Pokémon,0,4,1.2,15.0,80,44,80,60,50.0,"ghost,flying","Aftermath,Unburden,Flare Boost"
427,Buneary,Rabbit Pokémon,0,4,0.4,5.5,66,44,85,190,50.0,normal,"Run Away,Klutz,Limber"
428,Lopunny,Rabbit Pokémon,0,4,1.2,33.3,136,94,135,60,50.0,normal,"Cute Charm,Klutz,Limber"
429,Mismagius,Magical Pokémon,0,4,0.9,4.4,60,60,105,45,50.0,ghost,Levitate
430,Honchkrow,Big Boss Pokémon,0,4,0.9,27.3,125,52,71,30,50.0,"dark,flying","Insomnia,Super Luck,Moxie"
431,Glameow,Catty Pokémon,0,4,0.5,3.9,55,42,85,190,24.6,normal,"Limber,Own Tempo,Keen Eye"
432,Purugly,Tiger Cat Pokémon,0,4,1.0,43.8,82,64,112,75,24.6,normal,"Thick Fat,Own Tempo,Defiant"
433,Chingling,Bell Pokémon,0,4,0.2,0.6,30,50,45,120,50.0,psychic,Levitate
434,Stunky,Skunk Pokémon,0,4,0.4,19.2,63,47,74,225,50.0,"poison,dark","Stench,Aftermath,Keen Eye"
435,Skuntank,Skunk Pokémon,0,4,1.0,38.0,93,67,84,60,50.0,"poison,dark","Stench,Aftermath,Keen Eye"
436,Bronzor,Bronze Pokémon,0,4,0.5,60.5,24,86,23,255,,"steel,psychic","Levitate,Heatproof,Heavy Metal"
437,Bronzong,Bronze Bell Pokémon,0,4,1.3,187.0,89,116,33,90,,"steel,psychic","Levitate,Heatproof,Heavy Metal"
438,Bonsly,Bonsai Pokémon,0,4,0.5,15.0,80,95,10,255,50.0,rock,"Sturdy,Rock Head,Rattled"
439,Mime Jr.,Mime Pokémon,0,4,0.6,13.0,25,45,60,145,50.0,"psychic,fairy","Soundproof,Filter,Technician"
440,Happiny,Playhouse Pokémon,0,4,0.6,24.4,5,5,30,130,0.0,normal,"Natural Cure,Serene Grace,Friend Guard"
441,Chatot,Music Note Pokémon,0,4,0.5,1.9,65,45,91,30,50.0,"normal,flying","Keen Eye,Tangled Feet,Big Pecks"
442,Spiritomb,Forbidden Pokémon,0,4,1.0,108.0,92,108,35,100,50.0,"ghost,dark","Pressure,Infiltrator"
443,Gible,Land Shark Pokémon,0,4,0.7,20.5,70,45,42,45,50.0,"dragon,ground","Sand Veil,Rough Skin"
444,Gabite,Cave Pokémon,0,4,1.4,56.0,90,65,82,45,50.0,"dragon,ground","Sand Veil,Rough Skin"
445,Garchomp,Mach Pokémon,0,4,1.9,95.0,170,115,92,45,50.0,"dragon,ground","Sand Veil,Rough Skin"
446,Munchlax,Big Eater Pokémon,0,4,0.6,105.0,85,40,5,50,88.1,normal,"Pickup,Thick Fat,Gluttony"
447,Riolu,Emanation Pokémon,0,4,0.7,20.2,70,40,60,75,88.1,fighting,"Steadfast,Inner Focus,Prankster"
448,Lucario,Aura Pokémon,0,4,1.2,54.0,145,88,112,45,88.1,"fighting,steel","Steadfast,Inner Focus,Justified"
449,Hippopotas,Hippo Pokémon,0,4,0.8,49.5,72,78,32,140,50.0,ground,"Sand Stream,Sand Force"
450,Hippowdon,Heavyweight Pokémon,0,4,2.0,300.0,112,118,47,60,50.0,ground,"Sand Stream,Sand Force"
451,Skorupi,Scorpion Pokémon,0,4,0.8,12.0,50,90,65,120,50.0,"poison,bug","Battle Armor,Sniper,Keen Eye"
452,Drapion,Ogre Scorp Pokémon,0,4,1.3,61.5,90,110,95,45,50.0,"poison,dark","Battle Armor,Sniper,Keen Eye"
453,Croagunk,Toxic Mouth Pokémon,0,4,0.7,23.0,61,40,50,140,50.0,"poison,fighting","Anticipation,Dry Skin,Poison Touch"
454,Toxicroak,Toxic Mouth Pokémon,0,4,1.3,44.4,106,65,85,75,50.0,"poison,fighting","Anticipation,Dry Skin,Poison Touch"
455,Carnivine,Bug Catcher Pokémon,0,4,1.4,27.0,100,72,46,200,50.0,grass,Levitate
456,Finneon,Wing Fish Pokémon,0,4,0.4,7.0,49,56,66,190,50.0,water,"Swift Swim,Storm Drain,Water Veil"
457,Lumineon,Neon Pokémon,0,4,1.2,24.0,69,76,91,75,50.0,water,"Swift Swim,Storm Drain,Water Veil"
458,Mantyke,Kite Pokémon,0,4,1.0,65.0,20,50,50,25,50.0,"water,flying","Swift Swim,Water Absorb,Water Veil"
459,Snover,Frosted Tree Pokémon,0,4,1.0,50.5,62,50,40,120,50.0,"grass,ice","Snow Warning,Soundproof"
460,Abomasnow,Frosted Tree Pokémon,0,4,2.2,135.5,132,105,30,60,50.0,"grass,ice","Snow Warning,Soundproof"
461,Weavile,Sharp Claw Pokémon,0,4,1.1,34.0,120,65,125,45,50.0,"dark,ice","Pressure,Pickpocket"
462,Magnezone,Magnet Area Pokémon,0,4,1.2,180.0,70,115,60,30,,"electric,steel","Magnet Pull,Sturdy,Analytic"
463,Lickilicky,Licking Pokémon,0,4,1.7,140.0,85,95,50,30,50.0,normal,"Own Tempo,Oblivious,Cloud Nine"
464,Rhyperior,Drill Pokémon,0,4,2.4,282.8,140,130,40,30,50.0,"ground,rock","Lightningrod,Solid Rock,Reckless"
465,Tangrowth,Vine Pokémon,0,4,2.0,128.6,100,125,50,30,50.0,grass,"Chlorophyll,Leaf Guard,Regenerator"
466,Electivire,Thunderbolt Pokémon,0,4,1.8,138.6,123,67,95,30,75.4,electric,"Motor Drive,Vital Spirit"
467,Magmortar,Blast Pokémon,0,4,1.6,68.0,95,67,83,30,75.4,fire,"Flame Body,Vital Spirit"
468,Togekiss,Jubilee Pokémon,0,4,1.5,38.0,50,95,80,30,88.1,"fairy,flying","Hustle,Serene Grace,Super Luck"
469,Yanmega,Ogre Darner Pokémon,0,4,1.9,51.5,76,86,95,30,50.0,"bug,flying","Speed Boost,Tinted Lens,Frisk"
470,Leafeon,Verdant Pokémon,0,4,1.0,25.5,110,130,95,45,88.1,grass,"Leaf Guard,Chlorophyll"
471,Glaceon,Fresh Snow Pokémon,0,4,0.8,25.9,60,110,65,45,88.1,ice,"Snow Cloak,Ice Body"
472,Gliscor,Fang Scorp Pokémon,0,4,2.0,42.5,95,125,95,30,50.0,"ground,flying","Hyper Cutter,Sand Veil,Poison Heal"
473,Mamoswine,Twin Tusk Pokémon,0,4,2.5,291.0,130,80,80,50,50.0,"ice,ground","Oblivious,Snow Cloak,Thick Fat"
474,Porygon-Z,Virtual Pokémon,0,4,0.9,34.0,80,70,90,30,,normal,"Adaptability,Download,Analytic"
475,Gallade,Blade Pokémon,0,4,1.6,52.0,165,95,110,45,100.0,"psychic,fighting","Steadfast,Justified"
476,Probopass,Compass Pokémon,0,4,1.4,340.0,55,145,40,60,50.0,"rock,steel","Sturdy,Magnet Pull,Sand Force"
477,Dusknoir,Gripper Pokémon,0,4,2.2,106.6,100,135,45,45,50.0,ghost,"Pressure,Frisk"
478,Froslass,Snow Land Pokémon,0,4,1.3,26.6,80,70,110,75,0.0,"ice,ghost","Snow Cloak,Cursed Body"
479,Rotom,Plasma Pokémon,0,4,0.3,0.3,65,107,86,45,,"electric,ghost",Levitate
480,Uxie,Knowledge Pokémon,1,4,0.3,0.3,75,130,95,3,,"psychic,legendary",Levitate
481,Mesprit,Emotion Pokémon,1,4,0.3,0.3,105,105,80,3,,"psychic,legendary",Levitate
482,Azelf,Willpower Pokémon,1,4,0.3,0.3,125,70,115,3,,"psychic,legendary",Levitate
483,Dialga,Temporal Pokémon,1,4,5.4,683.0,120,120,90,3,,"steel,dragon,legendary","Pressure,Telepathy"
484,Palkia,Spatial Pokémon,1,4,4.2,336.0,120,100,100,3,,"water,dragon,legendary","Pressure,Telepathy"
485,Heatran,Lava Dome Pokémon,1,4,1.7,430.0,90,106,77,3,50.0,"fire,steel,legendary","Flash Fire,Flame Body"
486,Regigigas,Colossal Pokémon,1,4,3.7,420.0,160,110,100,3,,"normal,legendary",Slow Start
487,Giratina,Renegade Pokémon,1,4,4.5,750.0,120,100,90,3,,"ghost,dragon,legendary","Pressure,Telepathy,Levitate"
488,Cresselia,Lunar Pokémon,1,4,1.5,85.6,70,120,85,3,0.0,"psychic,legendary",Levitate
489,Phione,Sea Drifter Pokémon,0,4,0.4,3.1,80,80,80,30,,water,Hydration
490,Manaphy,Seafaring Pokémon,1,4,0.3,1.4,100,100,100,3,,"water,legendary",Hydration
491,Darkrai,Pitch-Black Pokémon,1,4,1.5,50.5,90,90,125,3,,"dark,legendary",Bad Dreams
492,Shaymin,Gratitude Pokémon,1,4,0.2,2.1,103,75,127,45,,"grass,grass,legendary","Natural Cure,Serene Grace"
493,Arceus,Alpha Pokémon,1,4,3.2,320.0,120,120,120,3,,"normal,legendary",Multitype
494,Victini,Victory Pokémon,1,5,0.4,4.0,100,100,100,3,,"psychic,fire,legendary",Victory Star
495,Snivy,Grass Snake Pokémon,0,5,0.6,8.1,45,55,63,45,88.1,grass,"Overgrow,Contrary"
496,Servine,Grass Snake Pokémon,0,5,0.8,16.0,60,75,83,45,88.1,grass,"Overgrow,Contrary"
497,Serperior,Regal Pokémon,0,5,3.3,63.0,75,95,113,45,88.1,grass,"Overgrow,Contrary"
498,Tepig,Fire Pig Pokémon,0,5,0.5,9.9,63,45,45,45,88.1,fire,"Blaze,Thick Fat"
499,Pignite,Fire Pig Pokémon,0,5,1.0,55.5,93,55,55,45,88.1,"fire,fighting","Blaze,Thick Fat"
500,Emboar,Mega Fire Pig Pokémon,0,5,1.6,150.0,123,65,65,45,88.1,"fire,fighting","Blaze,Reckless"
501,Oshawott,Sea Otter Pokémon,0,5,0.5,5.9,55,45,45,45,88.1,water,"Torrent,Shell Armor"
502,Dewott,Discipline Pokémon,0,5,0.8,24.5,75,60,60,45,88.1,water,"Torrent,Shell Armor"
503,Samurott,Formidable Pokémon,0,5,1.5,94.6,100,85,70,45,88.1,water,"Torrent,Shell Armor"
504,Patrat,Scout Pokémon,0,5,0.5,11.6,55,39,42,255,50.0,normal,"Run Away,Keen Eye,Analytic"
505,Watchog,Lookout Pokémon,0,5,1.1,27.0,85,69,77,255,50.0,normal,"Illuminate,Keen Eye,Analytic"
506,Lillipup,Puppy Pokémon,0,5,0.4,4.1,60,45,55,255,50.0,normal,"Vital Spirit,Pickup,Run Away"
507,Herdier,Loyal Dog Pokémon,0,5,0.9,14.7,80,65,60,120,50.0,normal,"Intimidate,Sand Rush,Scrappy"
508,Stoutland,Big-Hearted Pokémon,0,5,1.2,61.0,110,90,80,45,50.0,normal,"Intimidate,Sand Rush,Scrappy"
509,Purrloin,Devious Pokémon,0,5,0.4,10.1,50,37,66,255,50.0,dark,"Limber,Unburden,Prankster"
510,Liepard,Cruel Pokémon,0,5,1.1,37.5,88,50,106,90,50.0,dark,"Limber,Unburden,Prankster"
511,Pansage,Grass Monkey Pokémon,0,5,0.6,10.5,53,48,64,190,88.1,grass,"Gluttony,Overgrow"
512,Simisage,Thorn Monkey Pokémon,0,5,1.1,30.5,98,63,101,75,88.1,grass,"Gluttony,Overgrow"
513,Pansear,High Temp Pokémon,0,5,0.6,11.0,53,48,64,190,88.1,fire,"Gluttony,Blaze"
514,Simisear,Ember Pokémon,0,5,1.0,28.0,98,63,101,75,88.1,fire,"Gluttony,Blaze"
515,Panpour,Spray Pokémon,0,5,0.6,13.5,53,48,64,190,88.1,water,"Gluttony,Torrent"
516,Simipour,Geyser Pokémon,0,5,1.0,29.0,98,63,101,75,88.1,water,"Gluttony,Torrent"
517,Munna,Dream Eater Pokémon,0,5,0.6,23.3,25,45,24,190,50.0,psychic,"Forewarn,Synchronize,Telepathy"
518,Musharna,Drowsing Pokémon,0,5,1.1,60.5,55,85,29,75,50.0,psychic,"Forewarn,Synchronize,Telepathy"
519,Pidove,Tiny Pigeon Pokémon,0,5,0.3,2.1,55,50,43,255,50.0,"normal,flying","Big Pecks,Super Luck,Rivalry"
520,Tranquill,Wild Pigeon Pokémon,0,5,0.6,15.0,77,62,65,120,50.0,"normal,flying","Big Pecks,Super Luck,Rivalry"
521,Unfezant,Proud Pokémon,0,5,1.2,29.0,115,80,93,45,50.0,"normal,flying","Big Pecks,Super Luck,Rivalry"
522,Blitzle,Electrified Pokémon,0,5,0.8,29.8,60,32,76,190,50.0,electric,"Lightningrod,Motor Drive,Sap Sipper"
523,Zebstrika,Thunderbolt Pokémon,0,5,1.6,79.5,100,63,116,75,50.0,electric,"Lightningrod,Motor Drive,Sap Sipper"
524,Roggenrola,Mantle Pokémon,0,5,0.4,18.0,75,85,15,255,50.0,rock,"Sturdy,Weak Armor,Sand Force"
525,Boldore,Ore Pokémon,0,5,0.9,102.0,105,105,20,120,50.0,rock,"Sturdy,Weak Armor,Sand Force"
526,Gigalith,Compressed Pokémon,0,5,1.7,260.0,135,130,25,45,50.0,rock,"Sturdy,Sand Stream,Sand Force"
527,Woobat,Bat Pokémon,0,5,0.4,2.1,45,43,72,190,50.0,"psychic,flying","Unaware,Klutz,Simple"
528,Swoobat,Courting Pokémon,0,5,0.9,10.5,57,55,114,45,50.0,"psychic,flying","Unaware,Klutz,Simple"
529,Drilbur,Mole Pokémon,0,5,0.3,8.5,85,40,68,120,50.0,ground,"Sand Rush,Sand Force,Mold Breaker"
530,Excadrill,Subterrene Pokémon,0,5,0.7,40.4,135,60,88,60,50.0,"ground,steel","Sand Rush,Sand Force,Mold Breaker"
531,Audino,Hearing Pokémon,0,5,1.1,31.0,60,126,50,255,50.0,normal,"Healer,Regenerator,Klutz"
532,Timburr,Muscular Pokémon,0,5,0.6,12.5,80,55,35,180,75.4,fighting,"Guts,Sheer Force,Iron Fist"
533,Gurdurr,Muscular Pokémon,0,5,1.2,40.0,105,85,40,90,75.4,fighting,"Guts,Sheer Force,Iron Fist"
534,Conkeldurr,Muscular Pokémon,0,5,1.4,87.0,140,95,45,45,75.4,fighting,"Guts,Sheer Force,Iron Fist"
535,Tympole,Tadpole Pokémon,0,5,0.5,4.5,50,40,64,255,50.0,water,"Swift Swim,Hydration,Water Absorb"
536,Palpitoad,Vibration Pokémon,0,5,0.8,17.0,65,55,69,120,50.0,"water,ground","Swift Swim,Hydration,Water Absorb"
537,Seismitoad,Vibration Pokémon,0,5,1.5,62.0,95,75,74,45,50.0,"water,ground","Swift Swim,Poison Touch,Water Absorb"
538,Throh,Judo Pokémon,0,5,1.3,55.5,100,85,45,45,100.0,fighting,"Guts,Inner Focus,Mold Breaker"
539,Sawk,Karate Pokémon,0,5,1.4,51.0,125,75,85,45,100.0,fighting,"Sturdy,Inner Focus,Mold Breaker"
540,Sewaddle,Sewing Pokémon,0,5,0.3,2.5,53,70,42,255,50.0,"bug,grass","Swarm,Chlorophyll,Overcoat"
541,Swadloon,Leaf-Wrapped Pokémon,0,5,0.5,7.3,63,90,42,120,50.0,"bug,grass","Leaf Guard,Chlorophyll,Overcoat"
542,Leavanny,Nurturing Pokémon,0,5,1.2,20.5,103,80,92,45,50.0,"bug,grass","Swarm,Chlorophyll,Overcoat"
543,Venipede,Centipede Pokémon,0,5,0.4,5.3,45,59,57,255,50.0,"bug,poison","Poison Point,Swarm,Speed Boost"
544,Whirlipede,Curlipede Pokémon,0,5,1.2,58.5,55,99,47,120,50.0,"bug,poison","Poison Point,Swarm,Speed Boost"
545,Scolipede,Megapede Pokémon,0,5,2.5,200.5,100,89,112,45,50.0,"bug,poison","Poison Point,Swarm,Speed Boost"
546,Cottonee,Cotton Puff Pokémon,0,5,0.3,0.6,27,60,66,190,50.0,"grass,fairy","Prankster,Infiltrator,Chlorophyll"
547,Whimsicott,Windveiled Pokémon,0,5,0.7,6.6,67,85,116,75,50.0,"grass,fairy","Prankster,Infiltrator,Chlorophyll"
548,Petilil,Bulb Pokémon,0,5,0.5,6.6,35,50,30,190,0.0,grass,"Chlorophyll,Own Tempo,Leaf Guard"
549,Lilligant,Flowering Pokémon,0,5,1.1,16.3,60,75,90,75,0.0,grass,"Chlorophyll,Own Tempo,Leaf Guard"
550,Basculin,Hostile Pokémon,0,5,1.0,18.0,92,65,98,25,50.0,water,"Reckless,Rock Head,Adaptability,Mold Breaker"
551,Sandile,Desert Croc Pokémon,0,5,0.7,15.2,72,35,65,180,50.0,"ground,dark","Intimidate,Moxie,Anger Point"
552,Krokorok,Desert Croc Pokémon,0,5,1.0,33.4,82,45,74,90,50.0,"ground,dark","Intimidate,Moxie,Anger Point"
553,Krookodile,Intimidation Pokémon,0,5,1.5,96.3,117,80,92,45,50.0,"ground,dark","Intimidate,Moxie,Anger Point"
554,Darumaka,Zen Charm Pokémon,0,5,0.6,37.5,90,45,50,120,50.0,fire,"Hustle,Inner Focus"
555,Darmanitan,Blazing Pokémon,0,5,1.3,92.9,30,105,55,60,50.0,"fire,fire","Sheer Force,Zen Mode"
556,Maractus,Cactus Pokémon,0,5,1.0,28.0,86,67,60,255,50.0,grass,"Water Absorb,Chlorophyll,Storm Drain"
557,Dwebble,Rock Inn Pokémon,0,5,0.3,14.5,65,85,55,190,50.0,"bug,rock","Sturdy,Shell Armor,Weak Armor"
558,Crustle,Stone Home Pokémon,0,5,1.4,200.0,105,125,45,75,50.0,"bug,rock","Sturdy,Shell Armor,Weak Armor"
559,Scraggy,Shedding Pokémon,0,5,0.6,11.8,75,70,48,180,50.0,"dark,fighting","Shed Skin,Moxie,Intimidate"
560,Scrafty,Hoodlum Pokémon,0,5,1.1,30.0,90,115,58,90,50.0,"dark,fighting","Shed Skin,Moxie,Intimidate"
561,Sigilyph,Avianoid Pokémon,0,5,1.4,14.0,58,80,97,45,50.0,"psychic,flying","Wonder Skin ,Magic Guard,Tinted Lens"
562,Yamask,Spirit Pokémon,0,5,0.5,1.5,30,85,30,190,50.0,ghost,Mummy
563,Cofagrigus,Coffin Pokémon,0,5,1.7,76.5,50,145,30,90,50.0,ghost,Mummy
564,Tirtouga,Prototurtle Pokémon,0,5,0.7,16.5,78,103,22,45,88.1,"water,rock","Solid Rock,Sturdy,Swift Swim"
565,Carracosta,Prototurtle Pokémon,0,5,1.2,81.0,108,133,32,45,88.1,"water,rock","Solid Rock,Sturdy,Swift Swim"
566,Archen,First Bird Pokémon,0,5,0.5,9.5,112,45,70,45,88.1,"rock,flying",Defeatist
567,Archeops,First Bird Pokémon,0,5,1.4,32.0,140,65,110,45,88.1,"rock,flying",Defeatist
568,Trubbish,Trash Bag Pokémon,0,5,0.6,31.0,50,62,65,190,50.0,poison,"Stench,Sticky Hold,Aftermath"
569,Garbodor,Trash Heap Pokémon,0,5,1.9,107.3,95,82,75,60,50.0,poison,"Stench,Weak Armor,Aftermath"
570,Zorua,Tricky Fox Pokémon,0,5,0.7,12.5,65,40,65,75,88.1,dark,Illusion
571,Zoroark,Illusion Fox Pokémon,0,5,1.6,81.1,105,60,105,45,88.1,dark,Illusion
572,Minccino,Chinchilla Pokémon,0,5,0.4,5.8,50,40,75,255,24.6,normal,"Cute Charm,Technician,Skill Link"
573,Cinccino,Scarf Pokémon,0,5,0.5,7.5,95,60,115,60,24.6,normal,"Cute Charm,Technician,Skill Link"
574,Gothita,Fixation Pokémon,0,5,0.4,5.8,30,50,45,200,24.6,psychic,"Frisk,Competitive,Shadow Tag"
575,Gothorita,Manipulate Pokémon,0,5,0.7,18.0,45,70,55,100,24.6,psychic,"Frisk,Competitive,Shadow Tag"
576,Gothitelle,Astral Body Pokémon,0,5,1.5,44.0,55,95,65,50,24.6,psychic,"Frisk,Competitive,Shadow Tag"
577,Solosis,Cell Pokémon,0,5,0.3,1.0,30,40,20,200,50.0,psychic,"Overcoat,Magic Guard,Regenerator"
578,Duosion,Mitosis Pokémon,0,5,0.6,8.0,40,50,30,100,50.0,psychic,"Overcoat,Magic Guard,Regenerator"
579,Reuniclus,Multiplying Pokémon,0,5,1.0,20.1,65,75,30,50,50.0,psychic,"Overcoat,Magic Guard,Regenerator"
580,Ducklett,Water Bird Pokémon,0,5,0.5,5.5,44,50,55,190,50.0,"water,flying","Keen Eye,Big Pecks,Hydration"
581,Swanna,White Bird Pokémon,0,5,1.3,24.2,87,63,98,45,50.0,"water,flying","Keen Eye,Big Pecks,Hydration"
582,Vanillite,Fresh Snow Pokémon,0,5,0.4,5.7,50,50,44,255,50.0,ice,"Ice Body,Snow Cloak,Weak Armor"
583,Vanillish,Icy Snow Pokémon,0,5,1.1,41.0,65,65,59,120,50.0,ice,"Ice Body,Snow Cloak,Weak Armor"
584,Vanilluxe,Snowstorm Pokémon,0,5,1.3,57.5,95,85,79,45,50.0,ice,"Ice Body,Snow Warning,Weak Armor"
585,Deerling,Season Pokémon,0,5,0.6,19.5,60,50,75,190,50.0,"normal,grass","Chlorophyll,Sap Sipper,Serene Grace"
586,Sawsbuck,Season Pokémon,0,5,1.9,92.5,100,70,95,75,50.0,"normal,grass","Chlorophyll,Sap Sipper,Serene Grace"
587,Emolga,Sky Squirrel Pokémon,0,5,0.4,5.0,75,60,103,200,50.0,"electric,flying","Static,Motor Drive"
588,Karrablast,Clamping Pokémon,0,5,0.5,5.9,75,45,60,200,50.0,bug,"Swarm,Shed Skin,No Guard"
589,Escavalier,Cavalry Pokémon,0,5,1.0,33.0,135,105,20,75,50.0,"bug,steel","Swarm,Shell Armor,Overcoat"
590,Foongus,Mushroom Pokémon,0,5,0.2,1.0,55,45,15,190,50.0,"grass,poison","Effect Spore,Regenerator"
591,Amoonguss,Mushroom Pokémon,0,5,0.6,10.5,85,70,30,75,50.0,"grass,poison","Effect Spore,Regenerator"
592,Frillish,Floating Pokémon,0,5,1.2,33.0,40,50,40,190,50.0,"water,ghost","Water Absorb,Cursed Body,Damp"
593,Jellicent,Floating Pokémon,0,5,2.2,135.0,60,70,60,60,50.0,"water,ghost","Water Absorb,Cursed Body,Damp"
594,Alomomola,Caring Pokémon,0,5,1.2,31.6,75,80,65,75,50.0,water,"Healer,Hydration,Regenerator"
595,Joltik,Attaching Pokémon,0,5,0.1,0.6,47,50,65,190,50.0,"bug,electric","Compoundeyes,Unnerve,Swarm"
596,Galvantula,EleSpider Pokémon,0,5,0.8,14.3,77,60,108,75,50.0,"bug,electric","Compoundeyes,Unnerve,Swarm"
597,Ferroseed,Thorn Seed Pokémon,0,5,0.6,18.8,50,91,10,255,50.0,"grass,steel",Iron Barbs
598,Ferrothorn,Thorn Pod Pokémon,0,5,1.0,110.0,94,131,20,90,50.0,"grass,steel","Iron Barbs,Anticipation"
599,Klink,Gear Pokémon,0,5,0.3,21.0,55,70,30,130,,steel,"Plus,Minus,Clear Body"
600,Klang,Gear Pokémon,0,5,0.6,51.0,80,95,50,60,,steel,"Plus,Minus,Clear Body"
601,Klinklang,Gear Pokémon,0,5,0.6,81.0,100,115,90,30,,steel,"Plus,Minus,Clear Body"
602,Tynamo,EleFish Pokémon,0,5,0.2,0.3,55,40,60,190,50.0,electric,Levitate
603,Eelektrik,EleFish Pokémon,0,5,1.2,22.0,85,70,40,60,50.0,electric,Levitate
604,Eelektross,EleFish Pokémon,0,5,2.1,80.5,115,80,50,30,50.0,electric,Levitate
605,Elgyem,Cerebral Pokémon,0,5,0.5,9.0,55,55,30,255,50.0,psychic,"Telepathy,Synchronize,Analytic"
606,Beheeyem,Cerebral Pokémon,0,5,1.0,34.5,75,75,40,90,50.0,psychic,"Telepathy,Synchronize,Analytic"
607,Litwick,Candle Pokémon,0,5,0.3,3.1,30,55,20,190,50.0,"ghost,fire","Flash Fire,Flame Body,Infiltrator"
608,Lampent,Lamp Pokémon,0,5,0.6,13.0,40,60,55,90,50.0,"ghost,fire","Flash Fire,Flame Body,Infiltrator"
609,Chandelure,Luring Pokémon,0,5,1.0,34.3,55,90,80,45,50.0,"ghost,fire","Flash Fire,Flame Body,Infiltrator"
610,Axew,Tusk Pokémon,0,5,0.6,18.0,87,60,57,75,50.0,dragon,"Rivalry,Mold Breaker,Unnerve"
611,Fraxure,Axe Jaw Pokémon,0,5,1.0,36.0,117,70,67,60,50.0,dragon,"Rivalry,Mold Breaker,Unnerve"
612,Haxorus,Axe Jaw Pokémon,0,5,1.8,105.5,147,90,97,45,50.0,dragon,"Rivalry,Mold Breaker,Unnerve"
613,Cubchoo,Chill Pokémon,0,5,0.5,8.5,70,40,40,120,50.0,ice,"Snow Cloak,Slush Rush,Rattled"
614,Beartic,Freezing Pokémon,0,5,2.6,260.0,130,80,50,60,50.0,ice,"Snow Cloak,Slush Rush,Swift Swim"
615,Cryogonal,Crystallizing Pokémon,0,5,1.1,148.0,50,50,105,25,,ice,Levitate
616,Shelmet,Snail Pokémon,0,5,0.4,7.7,40,85,25,200,50.0,bug,"Hydration,Shell Armor,Overcoat"
617,Accelgor,Shell Out Pokémon,0,5,0.8,25.3,70,40,145,75,50.0,bug,"Hydration,Sticky Hold,Unburden"
618,Stunfisk,Trap Pokémon,0,5,0.7,11.0,66,84,32,75,50.0,"ground,electric","Static,Limber,Sand Veil"
619,Mienfoo,Martial Arts Pokémon,0,5,0.9,20.0,85,50,65,180,50.0,fighting,"Inner Focus,Regenerator,Reckless"
620,Mienshao,Martial Arts Pokémon,0,5,1.4,35.5,125,60,105,45,50.0,fighting,"Inner Focus,Regenerator,Reckless"
621,Druddigon,Cave Pokémon,0,5,1.6,139.0,120,90,48,45,50.0,dragon,"Rough Skin,Sheer Force,Mold Breaker"
622,Golett,Automaton Pokémon,0,5,1.0,92.0,74,50,35,190,,"ground,ghost","Iron Fist,Klutz,No Guard"
623,Golurk,Automaton Pokémon,0,5,2.8,330.0,124,80,55,90,,"ground,ghost","Iron Fist,Klutz,No Guard"
624,Pawniard,Sharp Blade Pokémon,0,5,0.5,10.2,85,70,60,120,50.0,"dark,steel","Defiant,Inner Focus,Pressure"
625,Bisharp,Sword Blade Pokémon,0,5,1.6,70.0,125,100,70,45,50.0,"dark,steel","Defiant,Inner Focus,Pressure"
626,Bouffalant,Bash Buffalo Pokémon,0,5,1.6,94.6,110,95,55,45,50.0,normal,"Reckless,Sap Sipper,Soundproof"
627,Rufflet,Eaglet Pokémon,0,5,0.5,10.5,83,50,60,190,100.0,"normal,flying","Keen Eye,Sheer Force,Hustle"
628,Braviary,Valiant Pokémon,0,5,1.5,41.0,123,75,80,60,100.0,"normal,flying","Keen Eye,Sheer Force,Defiant"
629,Vullaby,Diapered Pokémon,0,5,0.5,9.0,55,75,60,190,0.0,"dark,flying","Big Pecks,Overcoat,Weak Armor"
630,Mandibuzz,Bone Vulture Pokémon,0,5,1.2,39.5,65,105,80,60,0.0,"dark,flying","Big Pecks,Overcoat,Weak Armor"
631,Heatmor,Anteater Pokémon,0,5,1.4,58.0,97,66,65,90,50.0,fire,"Gluttony,Flash Fire,White Smoke"
632,Durant,Iron Ant Pokémon,0,5,0.3,33.0,109,112,109,90,50.0,"bug,steel","Swarm,Hustle,Truant"
633,Deino,Irate Pokémon,0,5,0.8,17.3,65,50,38,45,50.0,"dark,dragon",Hustle
634,Zweilous,Hostile Pokémon,0,5,1.4,50.0,85,70,58,45,50.0,"dark,dragon",Hustle
635,Hydreigon,Brutal Pokémon,0,5,1.8,160.0,105,90,98,45,50.0,"dark,dragon",Levitate
636,Larvesta,Torch Pokémon,0,5,1.1,28.8,85,55,60,45,50.0,"bug,fire","Flame Body,Swarm"
637,Volcarona,Sun Pokémon,0,5,1.6,46.0,60,65,100,15,50.0,"bug,fire","Flame Body,Swarm"
638,Cobalion,Iron Will Pokémon,1,5,2.1,250.0,90,129,108,3,,"steel,fighting,legendary",Justified
639,Terrakion,Cavern Pokémon,1,5,1.9,260.0,129,90,108,3,,"rock,fighting,legendary",Justified
640,Virizion,Grassland Pokémon,1,5,2.0,200.0,90,72,108,3,,"grass,fighting,legendary",Justified
641,Tornadus,Cyclone Pokémon,1,5,1.5,63.0,100,80,121,3,100.0,"flying,legendary","Prankster,Defiant,Regenerator"
642,Thundurus,Bolt Strike Pokémon,1,5,1.5,61.0,105,70,101,3,100.0,"electric,flying,legendary","Prankster,Defiant,Volt Absorb"
643,Reshiram,Vast White Pokémon,1,5,3.2,330.0,120,100,90,3,,"dragon,fire,legendary",Turboblaze
644,Zekrom,Deep Black Pokémon,1,5,2.9,345.0,150,120,90,3,,"dragon,electric,legendary",Teravolt
645,Landorus,Abundance Pokémon,1,5,1.5,68.0,145,90,91,3,100.0,"ground,flying,legendary","Sand Force,Sheer Force,Intimidate"
646,Kyurem,Boundary Pokémon,1,5,3.0,325.0,120,90,95,3,,"dragon,ice,legendary","Pressure,Teravolt,Turboblaze"
647,Keldeo,Colt Pokémon,1,5,1.4,48.5,72,90,108,3,,"water,fighting,legendary",Justified
648,Meloetta,Melody Pokémon,1,5,0.6,6.5,128,90,128,3,,"normal,psychic,legendary",Serene Grace
649,Genesect,Paleozoic Pokémon,1,5,1.5,82.5,120,95,99,3,,"bug,steel,legendary",Download
650,Chespin,Spiky Nut Pokémon,0,6,0.4,9.0,61,65,38,45,88.1,grass,"Overgrow,Bulletproof"
651,Quilladin,Spiny Armor Pokémon,0,6,0.7,29.0,78,95,57,45,88.1,grass,"Overgrow,Bulletproof"
652,Chesnaught,Spiny Armor Pokémon,0,6,1.6,90.0,107,122,64,45,88.1,"grass,fighting","Overgrow,Bulletproof"
653,Fennekin,Fox Pokémon,0,6,0.4,9.4,45,40,60,45,88.1,fire,"Blaze,Magician"
654,Braixen,Fox Pokémon,0,6,1.0,14.5,59,58,73,45,88.1,fire,"Blaze,Magician"
655,Delphox,Fox Pokémon,0,6,1.5,39.0,69,72,104,45,88.1,"fire,psychic","Blaze,Magician"
656,Froakie,Bubble Frog Pokémon,0,6,0.3,7.0,56,40,71,45,88.1,water,"Torrent,Protean"
657,Frogadier,Bubble Frog Pokémon,0,6,0.6,10.9,63,52,97,45,88.1,water,"Torrent,Protean"
658,Greninja,Ninja Pokémon,0,6,1.5,40.0,145,67,132,45,88.1,"water,dark","Torrent,Protean,Battle Bond"
659,Bunnelby,Digging Pokémon,0,6,0.4,5.0,36,38,57,255,50.0,normal,"Pickup,Cheek Pouch,Huge Power"
660,Diggersby,Digging Pokémon,0,6,1.0,42.4,56,77,78,127,50.0,"normal,ground","Pickup,Cheek Pouch,Huge Power"
661,Fletchling,Tiny Robin Pokémon,0,6,0.3,1.7,50,43,62,255,50.0,"normal,flying","Big Pecks,Gale Wings"
662,Fletchinder,Ember Pokémon,0,6,0.7,16.0,73,55,84,120,50.0,"fire,flying","Flame Body,Gale Wings"
663,Talonflame,Scorching Pokémon,0,6,1.2,24.5,81,71,126,45,50.0,"fire,flying","Flame Body,Gale Wings"
664,Scatterbug,Scatterdust Pokémon,0,6,0.3,2.5,35,40,35,255,50.0,bug,"Shield Dust,Compoundeyes,Friend Guard"
665,Spewpa,Scatterdust Pokémon,0,6,0.3,8.4,22,60,29,120,50.0,bug,"Shed Skin,Friend Guard"
666,Vivillon,Scale Pokémon,0,6,1.2,17.0,52,50,89,45,50.0,"bug,flying","Shield Dust,Compoundeyes,Friend Guard"
667,Litleo,Lion Cub Pokémon,0,6,0.6,13.5,50,58,72,220,11.2,"fire,normal","Rivalry,Unnerve,Moxie"
668,Pyroar,Royal Pokémon,0,6,1.5,81.5,68,72,106,65,11.2,"fire,normal","Rivalry,Unnerve,Moxie"
669,Flabébé,Single Bloom Pokémon,0,6,0.1,0.1,38,39,42,225,0.0,fairy,"Flower Veil,Symbiosis"
670,Floette,Fairy Pokémon,0,6,0.2,0.9,65,67,92,120,0.0,fairy,"Flower Veil,Symbiosis"
671,Florges,Garden Pokémon,0,6,1.1,10.0,65,68,75,45,0.0,fairy,"Flower Veil,Symbiosis"
672,Skiddo,Mount Pokémon,0,6,0.9,31.0,65,48,52,200,50.0,grass,"Sap Sipper,Grass Pelt"
673,Gogoat,Mount Pokémon,0,6,1.7,91.0,100,62,68,45,50.0,grass,"Sap Sipper,Grass Pelt"
674,Pancham,Playful Pokémon,0,6,0.6,8.0,82,62,43,220,50.0,fighting,"Iron Fist,Mold Breaker,Scrappy"
675,Pangoro,Daunting Pokémon,0,6,2.1,136.0,124,78,58,65,50.0,"fighting,dark","Iron Fist,Mold Breaker,Scrappy"
676,Furfrou,Poodle Pokémon,0,6,1.2,28.0,80,60,102,160,50.0,normal,Fur Coat
677,Espurr,Restraint Pokémon,0,6,0.3,3.5,48,54,68,190,50.0,psychic,"Keen Eye,Infiltrator,Own Tempo"
678,Meowstic,Constraint Pokémon,0,6,0.6,8.5,48,76,104,75,50.0,psychic,"Keen Eye,Infiltrator,Prankster,Competitive"
679,Honedge,Sword Pokémon,0,6,0.8,2.0,80,100,28,180,50.0,"steel,ghost",No Guard
680,Doublade,Sword Pokémon,0,6,0.8,4.5,110,150,35,90,50.0,"steel,ghost",No Guard
681,Aegislash,Royal Sword Pokémon,0,6,1.7,53.0,150,50,60,45,50.0,"steel,ghost",Stance Change
682,Spritzee,Perfume Pokémon,0,6,0.2,0.5,52,60,23,200,50.0,fairy,"Healer,Aroma Veil"
683,Aromatisse,Fragrance Pokémon,0,6,0.8,15.5,72,72,29,140,50.0,fairy,"Healer,Aroma Veil"
684,Swirlix,Cotton Candy Pokémon,0,6,0.4,3.5,48,66,49,200,50.0,fairy,"Sweet Veil,Unburden"
685,Slurpuff,Meringue Pokémon,0,6,0.8,5.0,80,86,72,140,50.0,fairy,"Sweet Veil,Unburden"
686,Inkay,Revolving Pokémon,0,6,0.4,3.5,54,53,45,190,50.0,"dark,psychic","Contrary,Suction Cups,Infiltrator"
687,Malamar,Overturning Pokémon,0,6,1.5,47.0,92,88,73,80,50.0,"dark,psychic","Contrary,Suction Cups,Infiltrator"
688,Binacle,Two-Handed Pokémon,0,6,0.5,31.0,52,67,50,120,50.0,"rock,water","Tough Claws,Sniper,Pickpocket"
689,Barbaracle,Collective Pokémon,0,6,1.3,96.0,105,115,68,45,50.0,"rock,water","Tough Claws,Sniper,Pickpocket"
690,Skrelp,Mock Kelp Pokémon,0,6,0.5,7.3,60,60,30,225,50.0,"poison,water","Poison Point,Poison Touch,Adaptability"
691,Dragalge,Mock Kelp Pokémon,0,6,1.8,81.5,75,90,44,55,50.0,"poison,dragon","Poison Point,Poison Touch,Adaptability"
692,Clauncher,Water Gun Pokémon,0,6,0.5,8.3,53,62,44,225,50.0,water,Mega Launcher
693,Clawitzer,Howitzer Pokémon,0,6,1.3,35.3,73,88,59,55,50.0,water,Mega Launcher
694,Helioptile,Generator Pokémon,0,6,0.5,6.0,38,33,70,190,50.0,"electric,normal","Dry Skin,Sand Veil,Solar Power"
695,Heliolisk,Generator Pokémon,0,6,1.0,21.0,55,52,109,75,50.0,"electric,normal","Dry Skin,Sand Veil,Solar Power"
696,Tyrunt,Royal Heir Pokémon,0,6,0.8,26.0,89,77,48,45,88.1,"rock,dragon","Strong Jaw,Sturdy"
697,Tyrantrum,Despot Pokémon,0,6,2.5,270.0,121,119,71,45,88.1,"rock,dragon","Strong Jaw,Rock Head"
698,Amaura,Tundra Pokémon,0,6,1.3,25.2,59,50,46,45,88.1,"rock,ice","Refrigerate,Snow Warning"
699,Aurorus,Tundra Pokémon,0,6,2.7,225.0,77,72,58,45,88.1,"rock,ice","Refrigerate,Snow Warning"
700,Sylveon,Intertwining Pokémon,0,6,1.0,23.5,65,65,60,45,88.1,fairy,"Cute Charm,Pixilate"
701,Hawlucha,Wrestling Pokémon,0,6,0.8,21.5,92,75,118,100,50.0,"fighting,flying","Limber,Unburden,Mold Breaker"
702,Dedenne,Antenna Pokémon,0,6,0.2,2.2,58,57,101,180,50.0,"electric,fairy","Cheek Pouch,Pickup,Plus"
703,Carbink,Jewel Pokémon,0,6,0.3,5.7,50,150,50,60,,"rock,fairy","Clear Body,Sturdy"
704,Goomy,Soft Tissue Pokémon,0,6,0.3,2.8,50,35,40,45,50.0,dragon,"Sap Sipper,Hydration,Gooey"
705,Sliggoo,Soft Tissue Pokémon,0,6,0.8,17.5,75,53,60,45,50.0,dragon,"Sap Sipper,Hydration,Gooey"
706,Goodra,Dragon Pokémon,0,6,2.0,150.5,100,70,80,45,50.0,dragon,"Sap Sipper,Hydration,Gooey"
707,Klefki,Key Ring Pokémon,0,6,0.2,3.0,80,91,75,75,50.0,"steel,fairy","Prankster,Magician"
708,Phantump,Stump Pokémon,0,6,0.4,7.0,70,48,38,120,50.0,"ghost,grass","Natural Cure,Frisk,Harvest"
709,Trevenant,Elder Tree Pokémon,0,6,1.5,71.0,110,76,56,60,50.0,"ghost,grass","Natural Cure,Frisk,Harvest"
710,Pumpkaboo,Pumpkin Pokémon,0,6,0.8,15.0,66,70,41,120,50.0,"ghost,grass","Pickup,Frisk,Insomnia"
711,Gourgeist,Pumpkin Pokémon,0,6,1.7,39.0,100,122,54,60,50.0,"ghost,grass","Pickup,Frisk,Insomnia"
712,Bergmite,Ice Chunk Pokémon,0,6,1.0,99.5,69,85,28,190,50.0,ice,"Own Tempo,Ice Body,Sturdy"
713,Avalugg,Iceberg Pokémon,0,6,2.0,505.0,117,184,28,55,50.0,ice,"Own Tempo,Ice Body,Sturdy"
714,Noibat,Sound Wave Pokémon,0,6,0.5,8.0,30,35,55,190,50.0,"flying,dragon","Frisk,Infiltrator,Telepathy"
715,Noivern,Sound Wave Pokémon,0,6,1.5,85.0,70,80,123,45,50.0,"flying,dragon","Frisk,Infiltrator,Telepathy"
716,Xerneas,Life Pokémon,1,6,3.0,215.0,131,95,99,45,,"fairy,legendary",Fairy Aura
717,Yveltal,Destruction Pokémon,1,6,5.8,203.0,131,95,99,45,,"dark,flying,legendary",Dark Aura
718,Zygarde,Order Pokémon,1,6,5.0,284.6,100,121,85,3,,"dragon,ground,legendary","Aura Break,Power Construct"
719,Diancie,Jewel Pokémon,1,6,0.7,8.8,160,110,110,3,,"rock,fairy,legendary",Clear Body
720,Hoopa,Mischief Pokémon (Confined)Djinn Pokémonn (Unbound),1,6,,,160,60,80,3,,"psychic,ghost,legendary",Magician
721,Volcanion,Steam Pokémon,1,6,1.7,195.0,110,120,70,3,,"fire,water,legendary",Water Absorb
722,Rowlet,Grass Quill Pokémon,0,7,0.3,1.5,55,55,42,45,88.1,"grass,flying","Overgrow,Long Reach"
723,Dartrix,Blade Quill Pokémon,0,7,0.7,16.0,75,75,52,45,88.1,"grass,flying","Overgrow,Long Reach"
724,Decidueye,Arrow Quill Pokémon,0,7,1.6,36.6,107,75,70,45,88.1,"grass,ghost","Overgrow,Long Reach"
725,Litten,Fire Cat Pokémon,0,7,0.4,4.3,65,40,70,45,88.1,fire,"Blaze,Intimidate"
726,Torracat,Fire Cat Pokémon,0,7,0.7,25.0,85,50,90,45,88.1,fire,"Blaze,Intimidate"
727,Incineroar,Heel Pokémon,0,7,1.8,83.0,115,90,60,45,88.1,"fire,dark","Blaze,Intimidate"
728,Popplio,Sea Lion Pokémon,0,7,0.4,7.5,54,54,40,45,88.1,water,"Torrent,Liquid Voice"
729,Brionne,Pop Star Pokémon,0,7,0.6,17.5,69,69,50,45,88.1,water,"Torrent,Liquid Voice"
730,Primarina,Soloist Pokémon,0,7,1.8,44.0,74,74,60,45,88.1,"water,fairy","Torrent,Liquid Voice"
731,Pikipek,Woodpecker Pokémon,0,7,0.3,1.2,75,30,65,255,50.0,"normal,flying","Keen Eye,Skill Link,Pickup"
732,Trumbeak,Bugle Beak Pokémon,0,7,0.6,14.8,85,50,75,120,50.0,"normal,flying","Keen Eye,Skill Link,Pickup"
733,Toucannon,Cannon Pokémon,0,7,1.1,26.0,120,75,60,45,50.0,"normal,flying","Keen Eye,Skill Link,Sheer Force"
734,Yungoos,Loitering Pokémon,0,7,0.4,6.0,70,30,45,255,50.0,normal,"Stakeout,Strong Jaw,Adaptability"
735,Gumshoos,Stakeout Pokémon,0,7,0.7,14.2,110,60,45,127,50.0,normal,"Stakeout,Strong Jaw,Adaptability"
736,Grubbin,Larva Pokémon,0,7,0.4,4.4,62,45,46,255,50.0,bug,Swarm
737,Charjabug,Battery Pokémon,0,7,0.5,10.5,82,95,36,120,50.0,"bug,electric",Battery
738,Vikavolt,Stag Beetle Pokémon,0,7,1.5,45.0,70,90,43,45,50.0,"bug,electric",Levitate
739,Crabrawler,Boxing Pokémon,0,7,0.6,7.0,82,57,63,225,50.0,fighting,"Hyper Cutter,Iron Fist,Anger Point"
740,Crabominable,Woolly Crab Pokémon,0,7,1.7,180.0,132,77,43,60,50.0,"fighting,ice","Hyper Cutter,Iron Fist,Anger Point"
741,Oricorio,Dancing Pokémon,0,7,0.6,3.4,70,70,93,45,24.6,"fire,flying",Dancer
742,Cutiefly,Bee Fly Pokémon,0,7,0.1,0.2,45,40,84,190,50.0,"bug,fairy","Honey Gather,Shield Dust,Sweet Veil"
743,Ribombee,Bee Fly Pokémon,0,7,0.2,0.5,55,60,124,75,50.0,"bug,fairy","Honey Gather,Shield Dust,Sweet Veil"
744,Rockruff,Puppy Pokémon,0,7,0.5,9.2,65,40,60,190,50.0,rock,"Keen Eye,Vital Spirit,Steadfast"
745,Lycanroc,Wolf Pokémon,0,7,,,115,75,82,90,50.0,rock,"Keen Eye,Sand Rush,Steadfast,Keen Eye,Vital Spirit,No Guard"
746,Wishiwashi,Small Fry Pokémon,0,7,0.2,0.3,140,130,30,60,50.0,water,Schooling
747,Mareanie,Brutal Star Pokémon,0,7,0.4,8.0,53,62,45,190,50.0,"poison,water","Merciless,Limber,Regenerator"
748,Toxapex,Brutal Star Pokémon,0,7,0.7,14.5,63,152,35,75,50.0,"poison,water","Merciless,Limber,Regenerator"
749,Mudbray,Donkey Pokémon,0,7,1.0,110.0,100,70,45,190,50.0,ground,"Own Tempo,Stamina,Inner Focus"
750,Mudsdale,Draft Horse Pokémon,0,7,2.5,920.0,125,100,35,60,50.0,ground,"Own Tempo,Stamina,Inner Focus"
751,Dewpider,Water Bubble Pokémon,0,7,0.3,4.0,40,52,27,200,50.0,"water,bug","Water Bubble,Water Absorb"
752,Araquanid,Water Bubble Pokémon,0,7,1.8,82.0,70,92,42,100,50.0,"water,bug","Water Bubble,Water Absorb"
753,Fomantis,Sickle Grass Pokémon,0,7,0.3,1.5,55,35,35,190,50.0,grass,"Leaf Guard,Contrary"
754,Lurantis,Bloom Sickle Pokémon,0,7,0.9,18.5,105,90,45,75,50.0,grass,"Leaf Guard,Contrary"
755,Morelull,Illuminating Pokémon,0,7,0.2,1.5,35,55,15,190,50.0,"grass,fairy","Illuminate,Effect Spore,Rain Dish"
756,Shiinotic,Illuminating Pokémon,0,7,1.0,11.5,45,80,30,75,50.0,"grass,fairy","Illuminate,Effect Spore,Rain Dish"
757,Salandit,Toxic Lizard Pokémon,0,7,0.6,4.8,44,40,77,120,88.1,"poison,fire","Corrosion,Oblivious"
758,Salazzle,Toxic Lizard Pokémon,0,7,1.2,22.2,64,60,117,45,0.0,"poison,fire","Corrosion,Oblivious"
759,Stufful,Flailing Pokémon,0,7,0.5,6.8,75,50,50,140,50.0,"normal,fighting","Fluffy,Klutz,Cute Charm"
760,Bewear,Strong Arm Pokémon,0,7,2.1,135.0,125,80,60,70,50.0,"normal,fighting","Fluffy,Klutz,Unnerve"
761,Bounsweet,Fruit Pokémon,0,7,0.3,3.2,30,38,32,235,0.0,grass,"Leaf Guard,Oblivious,Sweet Veil"
762,Steenee,Fruit Pokémon,0,7,0.7,8.2,40,48,62,120,0.0,grass,"Leaf Guard,Oblivious,Sweet Veil"
763,Tsareena,Fruit Pokémon,0,7,1.2,21.4,120,98,72,45,0.0,grass,"Leaf Guard,Queenly Majesty,Sweet Veil"
764,Comfey,Posy Picker Pokémon,0,7,0.1,0.3,52,90,100,60,24.6,fairy,"Flower Veil,Triage,Natural Cure"
765,Oranguru,Sage Pokémon,0,7,1.5,76.0,60,80,60,45,50.0,"normal,psychic","Inner Focus,Telepathy,Symbiosis"
766,Passimian,Teamwork Pokémon,0,7,2.0,82.8,120,90,80,45,50.0,fighting,"Receiver,Defiant"
767,Wimpod,Turn Tail Pokémon,0,7,0.5,12.0,35,40,80,90,50.0,"bug,water",Wimp Out
768,Golisopod,Hard Scale Pokémon,0,7,2.0,108.0,125,140,40,45,50.0,"bug,water",Emergency Exit
769,Sandygast,Sand Heap Pokémon,0,7,0.5,70.0,55,80,15,140,50.0,"ghost,ground","Water Compaction,Sand Veil"
770,Palossand,Sand Castle Pokémon,0,7,1.3,250.0,75,110,35,60,50.0,"ghost,ground","Water Compaction,Sand Veil"
771,Pyukumuku,Sea Cucumber Pokémon,0,7,0.3,1.2,60,130,5,60,50.0,water,"Innards Out,Unaware"
772,Type: Null,Synthetic Pokémon,0,7,1.9,120.5,95,95,59,3,,normal,Battle Armor
773,Silvally,Synthetic Pokémon,0,7,2.3,100.5,95,95,95,3,,normal,RKS System
774,Minior,Meteor Pokémon,0,7,0.3,40.0,100,60,120,30,,"rock,flying",Shields Down
775,Komala,Drowsing Pokémon,0,7,0.4,19.9,115,65,65,45,50.0,normal,Comatose
776,Turtonator,Blast Turtle Pokémon,0,7,2.0,212.0,78,135,36,70,50.0,"fire,dragon",Shell Armor
777,Togedemaru,Roly-Poly Pokémon,0,7,0.3,3.3,98,63,96,180,50.0,"electric,steel","Iron Barbs,Lightningrod,Sturdy"
778,Mimikyu,Disguise Pokémon,0,7,0.2,0.7,90,80,96,45,50.0,"ghost,fairy",Disguise
779,Bruxish,Gnash Teeth Pokémon,0,7,0.9,19.0,105,70,92,80,50.0,"water,psychic","Dazzling,Strong Jaw,Wonder Skin "
780,Drampa,Placid Pokémon,0,7,3.0,185.0,60,85,36,70,50.0,"normal,dragon","Berserk,Sap Sipper,Cloud Nine"
781,Dhelmise,Sea Creeper Pokémon,0,7,3.9,210.0,131,100,40,25,,"ghost,grass",Steelworker
782,Jangmo-o,Scaly Pokémon,0,7,0.6,29.7,55,65,45,45,50.0,dragon,"Bulletproof,Soundproof,Overcoat"
783,Hakamo-o,Scaly Pokémon,0,7,1.2,47.0,75,90,65,45,50.0,"dragon,fighting","Bulletproof,Soundproof,Overcoat"
784,Kommo-o,Scaly Pokémon,0,7,1.6,78.2,110,125,85,45,50.0,"dragon,fighting","Bulletproof,Soundproof,Overcoat"
785,Tapu Koko,Land Spirit Pokémon,1,7,1.8,20.5,115,85,130,3,,"electric,fairy,legendary","Electric Surge,Telepathy"
786,Tapu Lele,Land Spirit Pokémon,1,7,1.2,18.6,85,75,95,3,,"psychic,fairy,legendary","Psychic Surge,Telepathy"
787,Tapu Bulu,Land Spirit Pokémon,1,7,1.9,45.5,130,115,75,3,,"grass,fairy,legendary","Grassy Surge,Telepathy"
788,Tapu Fini,Land Spirit Pokémon,1,7,1.3,21.2,75,115,85,3,,"water,fairy,legendary","Misty Surge,Telepathy"
789,Cosmog,Nebula Pokémon,1,7,0.2,0.1,29,31,37,45,,"psychic,legendary",Unaware
790,Cosmoem,Protostar Pokémon,1,7,0.1,999.9,29,131,37,45,,"psychic,legendary",Sturdy
791,Solgaleo,Sunne Pokémon,1,7,3.4,230.0,137,107,97,45,,"psychic,steel,legendary",Full Metal Body
792,Lunala,Moone Pokémon,1,7,4.0,120.0,113,89,97,45,,"psychic,ghost,legendary",Shadow Shield
793,Nihilego,Parasite Pokémon,1,7,1.2,55.5,53,47,103,45,,"rock,poison,legendary",Beast Boost
794,Buzzwole,Swollen Pokémon,1,7,2.4,333.6,139,139,79,25,,"bug,fighting,legendary",Beast Boost
795,Pheromosa,Lissome Pokémon,1,7,1.8,25.0,137,37,151,255,,"bug,fighting,legendary",Beast Boost
796,Xurkitree,Glowing Pokémon,1,7,3.8,100.0,89,71,83,30,,"electric,legendary",Beast Boost
797,Celesteela,Launch Pokémon,1,7,9.2,999.9,101,103,61,25,,"steel,flying,legendary",Beast Boost
798,Kartana,Drawn Sword Pokémon,1,7,0.3,0.1,181,131,109,255,,"grass,steel,legendary",Beast Boost
799,Guzzlord,Junkivore Pokémon,1,7,5.5,888.0,101,53,43,15,,"dark,dragon,legendary",Beast Boost
800,Necrozma,Prism Pokémon,1,7,2.4,230.0,107,101,79,3,,"psychic,legendary",Prism Armor
801,Magearna,Artificial Pokémon,1,7,1.0,80.5,95,115,65,3,,"steel,fairy,legendary",Soul-Heart
